year,game_id,team1,team2,disagreement,model_home,model_draw,model_away,book_home,book_draw,book_away,model_favorite,book_favorite,favorite_flip,model_prediction,blend_prediction,prediction_changed,actual,model_points,blend_points,delta
2006,1,Germany,Costa Rica,0.07063223894633869,0.6746727597769829,0.1847194204922437,0.1406078197307734,0.7453049987230824,0.17938925831228947,0.07530574296414975,home,home,False,2-1,2-1,False,4-2,1,1,0
2006,2,Poland,Ecuador,0.05179886426703237,0.43710452271211414,0.27802784798531743,0.2848676293025685,0.488903386979379,0.2755246922302287,0.23557192079085737,home,home,False,2-1,2-1,False,0-2,0,0,0
2006,3,England,Paraguay,0.08189081068964145,0.5157222045899773,0.2847622474498051,0.19951554796021748,0.5976130152798697,0.2674917049588192,0.13489527976181284,home,home,False,2-0,2-0,False,1-0,1,1,0
2006,6,Serbia,Netherlands,0.05666182558438719,0.17148607504646607,0.2725040811565464,0.5560098437969876,0.19354225079240503,0.3071097309952551,0.4993480182128609,away,away,False,0-2,0-2,False,0-1,1,1,0
2006,8,Angola,Portugal,0.03299058756986346,0.0941470726721973,0.19256999003183012,0.7132829372959725,0.07741456196727316,0.22556057760152584,0.6970248604308654,away,away,False,0-2,0-2,False,0-1,1,1,0
2006,9,Italy,Ghana,0.01625235464456716,0.6006020249409685,0.27952145968172254,0.11987651537730903,0.6168543795857611,0.2633707519913599,0.11977486842332993,home,home,False,1-0,1-0,False,2-0,1,1,0
2006,11,Brazil,Croatia,0.11225285074815128,0.5502033946213556,0.26517456673840994,0.18462203864023438,0.6624562453692961,0.24577233176616256,0.09177142286411977,home,home,False,2-0,2-0,False,1-0,1,1,0
2006,13,France,Switzerland,0.07182541773072985,0.6257893673860507,0.24777415016897386,0.12643648244497538,0.5539639496551187,0.2821789370263454,0.16385711331813158,home,home,False,2-0,2-0,False,0-0,0,0,0
2006,14,South Korea,Togo,0.025615612791031056,0.4709280615852327,0.29718951789352976,0.23188242052123756,0.4453124487939382,0.30770870402934863,0.24697884717618632,home,home,False,1-0,1-0,False,2-1,1,1,0
2006,15,Spain,Ukraine,0.028456723995306785,0.49267549221912504,0.3228244870716052,0.1845000207092697,0.5103851887142739,0.294367763076072,0.19524704820920125,home,home,False,1-0,1-0,False,4-0,1,1,0
2006,18,Ecuador,Costa Rica,0.07754454292806273,0.40900856066788366,0.28152624959255856,0.3094651897395577,0.4833643168634541,0.2847150363248218,0.23192064681126595,home,home,False,2-1,2-1,False,3-0,1,1,0
2006,19,England,Trinidad and Tobago,0.012643136444161113,0.8177685632263,0.13428212779670512,0.04794930897699498,0.8243641970508643,0.1403296304161145,0.03530617253264642,home,home,False,2-0,2-0,False,2-0,3,3,0
2006,20,Sweden,Paraguay,0.021864460930364066,0.46521452383339396,0.3037555771907134,0.2310298989758926,0.4795451216961165,0.2818911162606091,0.23856376204379387,home,home,False,1-0,1-0,False,1-0,3,3,0
2006,22,Netherlands,Ivory Coast,0.1438250742956207,0.6233701959914775,0.24246987990667482,0.13415992410184774,0.4795451216961165,0.2818911162606091,0.23856376204379387,home,home,False,2-0,2-0,False,2-1,2,2,0
2006,23,Mexico,Angola,0.0926147262434513,0.5698415191260556,0.2629421296338434,0.167216351240101,0.6624562453692961,0.24577233176616256,0.09177142286411977,home,home,False,2-0,2-0,False,0-0,0,0,0
2006,24,Portugal,Iran,0.0535229855631247,0.6699506904025525,0.20345175768615748,0.12659755191129005,0.715999974944088,0.21092545870749171,0.07307456634791033,home,home,False,2-0,2-0,False,2-0,3,3,0
2006,26,Czech Republic,Ghana,0.09218445569041453,0.6646472690760276,0.22425226146640556,0.1111004694575669,0.5724628133853858,0.2634795387784344,0.1640576478357254,home,home,False,2-0,2-0,False,0-2,0,0,0
2006,27,Brazil,Australia,0.11790540718481564,0.660500123442451,0.21317704172842752,0.12632283482912152,0.7784055306271178,0.16216338777331205,0.059431081599272524,home,home,False,2-0,2-0,False,2-0,3,3,0
2006,28,Japan,Croatia,0.14149297683333728,0.26676831127685624,0.302261852170868,0.4309698365522757,0.1640576478357254,0.2634795387784344,0.5724628133853858,away,away,False,0-1,0-1,False,0-0,0,0,0
2006,29,France,South Korea,0.018878413496988093,0.6629175473181489,0.2441741233755562,0.09290832930629489,0.6440391338213889,0.24662723472494824,0.10933363145411902,home,home,False,2-0,2-0,False,1-1,0,0,0
2006,30,Togo,Switzerland,0.05680257039317029,0.17210603210091768,0.24182974248262867,0.5860642254164536,0.11905254571525926,0.2380806584753053,0.6428667958098124,away,away,False,0-2,0-2,False,0-2,3,3,0
2006,31,Spain,Tunisia,0.13112288914808298,0.58487708579626,0.2588161204505605,0.1563067937531795,0.715999974944088,0.21092545870749171,0.07307456634791033,home,home,False,2-0,2-0,False,3-1,1,1,0
2006,32,Saudi Arabia,Ukraine,0.07143760431139412,0.13656148979007776,0.2718538353389805,0.5915846748709417,0.10907751724344986,0.22790020357439647,0.663022279182518,away,away,False,0-2,0-2,False,0-4,1,1,0
2006,34,Costa Rica,Poland,0.05878325626301546,0.24330468261699006,0.24221189510264315,0.5144834222803668,0.18452142635375457,0.2624804381635754,0.55299813548223,away,away,False,1-2,1-2,False,1-2,3,3,0
2006,35,Sweden,England,0.029549067026998443,0.3042145959220768,0.30985293721098783,0.3859324668669354,0.2821443727839924,0.33940200423772493,0.37845362297776,away,away,False,0-1,1-1,True,2-2,0,1,1
2006,36,Paraguay,Trinidad and Tobago,0.1458081593066239,0.6542454344957784,0.22769806151846284,0.11805650398575877,0.508437275188943,0.22820290078558209,0.2633598240250519,home,home,False,2-0,2-0,False,2-0,3,3,0
2006,37,Netherlands,Argentina,0.16205532070405382,0.41621664322571866,0.2905374171183807,0.29324593965590057,0.25416132252190987,0.29209766390028535,0.45374101357829477,home,away,True,2-1,1-2,True,0-0,0,0,0
2006,38,Ivory Coast,Serbia,0.13795367070474843,0.2945778873525048,0.29000361048232537,0.41541850216516996,0.4325315580570137,0.27363900493376225,0.29382943700874514,away,home,True,1-2,2-1,True,3-2,0,1,1
2006,39,Portugal,Mexico,0.07115053375745789,0.48267298104856815,0.2820763904891085,0.2352506284623234,0.4115224472908895,0.34075296600172883,0.24772458670694017,home,home,False,2-0,2-0,False,2-1,2,2,0
2006,40,Iran,Angola,0.056679171785049776,0.4307960540466828,0.28069945833419335,0.28850448761912373,0.37411688226187445,0.2828712108500075,0.3430119068886008,home,home,False,2-1,2-1,False,1-1,0,0,0
2006,41,Czech Republic,Italy,0.15086480141911773,0.3452045092104992,0.32371918831240304,0.33107630247709763,0.2275731447424248,0.2904857513611188,0.48194110389597444,home,away,True,1-1,0-1,True,0-2,0,1,1
2006,42,Ghana,United States,0.21268338449900756,0.1975067820889159,0.353543163105977,0.44895005480510713,0.4101901665876887,0.2678144161790948,0.32199541723274705,away,home,True,0-1,1-0,True,2-1,0,1,1
2006,43,Japan,Brazil,0.11350911044668041,0.12664177179633707,0.21307075744732124,0.6602874707563418,0.05530362080308586,0.17089979799406882,0.7737965812031989,away,away,False,0-2,0-2,False,1-4,1,1,0
2006,44,Croatia,Australia,0.04539731926057464,0.431343696686637,0.3025511217406202,0.26610518157274277,0.40652045857586516,0.2819770405905623,0.31150250083306225,home,home,False,1-0,1-0,False,2-2,0,0,0
2006,45,Togo,France,0.022310796707445922,0.04639559211741582,0.1491720114807822,0.804432396401802,0.05812734358026166,0.1268612147734906,0.8150114416465564,away,away,False,0-2,0-2,False,0-2,3,3,0
2006,46,Switzerland,South Korea,0.07199293956154942,0.42560768924534736,0.3020140944150813,0.2723782163395713,0.44193562970392447,0.35767909351781463,0.2003852767777829,home,home,False,1-0,1-0,False,2-0,1,1,0
2006,47,Saudi Arabia,Spain,0.007453884888392746,0.05048927567243594,0.1365723803747087,0.8129383439528554,0.04748067937381344,0.1321270917847861,0.8203922288410957,away,away,False,0-2,0-2,False,0-1,1,1,0
2006,48,Ukraine,Tunisia,0.21518099817937342,0.364284479991388,0.3486107268841058,0.2871047931245061,0.5794654781705156,0.28206061381521125,0.13847390801378148,home,home,False,0-0,1-0,True,1-0,0,3,3
2006,49,Germany,Sweden,0.2140102300479862,0.34600999183287656,0.27321052073741603,0.38077948742970746,0.5513990861723255,0.28183165644616476,0.16676925738193268,away,home,True,1-2,2-1,True,2-0,0,2,2
2006,50,Argentina,Mexico,0.19241560764359664,0.4871546669082983,0.2694531125657122,0.2433922205259896,0.6795702745516331,0.23190945669022944,0.0885202687576139,home,home,False,2-1,2-1,False,2-1,3,3,0
2006,51,England,Ecuador,0.013073352899204596,0.6076290929518388,0.24806567246291156,0.14430523458524963,0.6207024458507998,0.24059598465600457,0.13870156949270848,home,home,False,2-0,2-0,False,1-0,1,1,0
2006,52,Portugal,Netherlands,0.0030795743376983153,0.29557348227561614,0.30602664739118973,0.3983998703331942,0.2932703031259052,0.3091062217291437,0.3976234751454625,away,away,False,0-1,0-1,False,1-0,0,0,0
2006,53,Italy,Australia,0.09279029975976616,0.5179970988250554,0.29736756351940397,0.1846353376555407,0.6107873985850347,0.2675232136201354,0.12168938779525625,home,home,False,1-0,1-0,False,1-0,3,3,0
2006,54,Switzerland,Ukraine,0.09866385629501359,0.2900428668938977,0.33312787538576955,0.3768292577203327,0.38870672318916655,0.32847857189541746,0.2828147049159265,away,home,True,0-1,1-0,True,0-0,0,0,0
2006,55,Brazil,Ghana,0.006754396525604681,0.7421309526279835,0.1824696452603509,0.07539940211166565,0.7488853491533294,0.1792232759313852,0.07189137491476791,home,home,False,2-0,2-0,False,3-0,1,1,0
2006,56,Spain,France,0.1162181809066472,0.28781793395892746,0.3377419518437275,0.374440114197345,0.4040361148653386,0.31189123069465824,0.284072654439531,away,home,True,0-1,1-0,True,1-3,1,0,-1
2006,57,Germany,Argentina,0.12209898651676365,0.30781544617611395,0.2429466112330816,0.4492379425908045,0.3518485109169172,0.3210125330088019,0.3271389560738008,away,home,True,1-2,1-1,True,1-1,0,3,3
2006,58,Italy,Ukraine,0.1583374462690863,0.4356882162067714,0.3642504741389185,0.20006130965431015,0.5940256624760815,0.28389433840739364,0.12207999911697245,home,home,False,1-0,1-0,False,3-0,1,1,0
2006,59,England,Portugal,0.09904894083087737,0.34369560803057264,0.29595988405217116,0.36034450791725614,0.43234846003944066,0.30635597287443145,0.2612955670866297,away,home,True,1-2,2-1,True,0-0,0,0,0
2006,60,Brazil,France,0.19651893649506835,0.3447757622744191,0.3204664476589079,0.334757790066673,0.5412946987697267,0.29705793710682815,0.16164736412392364,home,home,False,1-1,1-0,True,0-1,0,0,0
2006,61,Germany,Italy,0.12464251036090157,0.30093731957978503,0.2928976026767428,0.40616507774347205,0.38996579477683335,0.32851163784085263,0.28152256738282705,away,home,True,1-2,1-1,True,0-2,2,0,-2
2006,62,Portugal,France,0.043548148107699886,0.2784101270794278,0.32064772341229675,0.40094214950827534,0.2359956213139761,0.3195140810698259,0.44449029761575254,away,away,False,0-1,0-1,False,0-1,3,3,0
2006,63,Germany,Portugal,0.25428925019661724,0.29668245869429205,0.25434853857685497,0.4489690027288529,0.5265580493616132,0.27876219810637953,0.1946797525324641,away,home,True,1-2,2-1,True,3-1,0,1,1
2006,64,Italy,France,0.10364937892922327,0.2529930584165658,0.3635076858351775,0.3834992557482567,0.3566424373455568,0.3364748920382459,0.3068826706157328,away,home,True,0-0,0-0,False,1-1,1,1,0
2010,1,South Africa,Mexico,0.24318591758588415,0.14229595372609372,0.23829523891225296,0.6194088073616534,0.3199723558153046,0.30380475440868127,0.37622288977552426,away,away,False,0-2,0-2,False,1-1,0,0,0
2010,2,Uruguay,France,0.011629305646650906,0.2735466669833852,0.3018592337239158,0.4245940992926989,0.2652502564205453,0.2985263386398482,0.4362234049390932,away,away,False,0-1,0-1,False,0-0,0,0,0
2010,3,South Korea,Greece,0.0428160759629673,0.3108434960146851,0.33676512726794194,0.35239137671737303,0.3536595719778978,0.31785097652459016,0.32848945149800296,away,home,True,0-0,1-0,True,2-0,0,1,1
2010,4,Argentina,Nigeria,0.1362554111007781,0.5552859732444462,0.2722665006935324,0.17244752606202146,0.691541384345455,0.2158597498311137,0.09259886582389282,home,home,False,1-0,1-0,False,1-0,3,3,0
2010,5,England,United States,0.06246759462891513,0.5779879743330207,0.24215179888775784,0.17986022677922145,0.640455568961713,0.2316282546718326,0.12791617636600866,home,home,False,2-0,2-0,False,1-1,0,0,0
2010,6,Algeria,Slovenia,0.021674211869484233,0.2353188538243749,0.2994623448146292,0.46521880136099597,0.25337323898807645,0.3030821715206473,0.4435445894917472,away,away,False,0-1,0-1,False,0-1,3,3,0
2010,7,Serbia,Ghana,0.04791522520429711,0.4423131387090025,0.2784028871802832,0.27928397411071426,0.47611875859635255,0.2925124924974871,0.23136874890667397,home,home,False,2-1,2-1,False,0-1,0,0,0
2010,8,Germany,Australia,0.09399293064079561,0.5446432805997486,0.25417667148152695,0.20118004791872435,0.6386362112407866,0.23836213977439744,0.12300164898530061,home,home,False,2-0,2-0,False,4-0,1,1,0
2010,9,Netherlands,Denmark,0.08485890639283913,0.5499691921352563,0.267776085627787,0.1822547222369567,0.6348280985283251,0.23473233785077682,0.13043956362135742,home,home,False,2-0,2-0,False,2-0,3,3,0
2010,10,Japan,Cameroon,0.055348197804611615,0.306860910955048,0.27875943041553675,0.41437965862941517,0.25151271315019486,0.30396570540330203,0.44452158144601994,away,away,False,1-2,1-2,False,1-0,0,0,0
2010,11,Italy,Paraguay,0.02291228450980813,0.42677301035704124,0.31343365402242385,0.2597933356205349,0.44968529486660663,0.3076477773013605,0.2426669278315474,home,home,False,1-0,1-0,False,1-1,0,0,0
2010,12,New Zealand,Slovakia,0.08833836097061891,0.0927047184395752,0.1785106376461443,0.7287846439142805,0.11566414198200967,0.2438895750745747,0.6404462829439076,away,away,False,0-2,0-2,False,1-1,0,0,0
2010,13,Ivory Coast,Portugal,0.04351872923426903,0.2604918758179608,0.25674715860885,0.4827609655731892,0.2510308943206413,0.30026588784336455,0.4487032178364852,away,away,False,1-2,1-2,False,0-0,0,0,0
2010,14,Brazil,North Korea,0.033960782951325395,0.8499164830839308,0.11997308082497245,0.030110436091096718,0.8838772660354518,0.0911698996087377,0.024952834356201724,home,home,False,2-0,2-0,False,2-1,2,2,0
2010,15,Honduras,Chile,0.18716920811991433,0.3135621475232325,0.290163222044158,0.39627463043260946,0.1559308493591996,0.2606253120885043,0.5834438385527515,away,away,False,0-1,0-1,False,0-1,3,3,0
2010,16,Spain,Switzerland,0.11530330167152181,0.6421995078026217,0.22659664969163146,0.13120384250574688,0.7575028094743428,0.17741784463720195,0.06507934588885385,home,home,False,2-0,2-0,False,0-1,0,0,0
2010,17,South Africa,Uruguay,0.1663618362795287,0.1708850325028663,0.257908534470067,0.5712064330270668,0.28836446278853856,0.3067909404636668,0.4048445967472814,away,away,False,0-2,0-2,False,0-3,1,1,0
2010,18,France,Mexico,0.06866882872192448,0.38053958461617216,0.30583838926301526,0.31362202612081264,0.44920841333785494,0.300782433190205,0.25000915347145675,home,home,False,1-0,1-0,False,0-2,0,0,0
2010,19,Argentina,South Korea,0.032717254956991425,0.621244441901298,0.24346340268631528,0.1352921554123867,0.65396169685852,0.2343238761017306,0.11171442704021052,home,home,False,2-0,2-0,False,4-1,1,1,0
2010,20,Greece,Nigeria,0.1096408861532828,0.29861941863125274,0.33988858490454094,0.3614919964642062,0.2376765341213401,0.29119058326091485,0.4711328826172331,away,away,False,0-0,0-1,True,2-1,0,0,0
2010,21,Slovenia,United States,0.009540885401059046,0.2540606979238563,0.28603455347199824,0.4599047486041455,0.2568969709558365,0.2927391658408322,0.45036386320284155,away,away,False,0-1,0-1,False,2-2,0,0,0
2010,22,England,Algeria,0.011701333861074675,0.7851609689915601,0.1529191847759177,0.0619198462325222,0.796862302852412,0.15255466687495461,0.050583030272187864,home,home,False,2-0,2-0,False,0-0,0,0,0
2010,23,Germany,Serbia,0.08297193861802657,0.5186078163322944,0.24093197434498187,0.24046020932272374,0.5936972288244345,0.2488145004706417,0.1574882707044706,home,home,False,2-1,2-1,False,0-1,0,0,0
2010,24,Ghana,Australia,0.12321943218070394,0.31187614422005494,0.3127866590927596,0.3753371966871854,0.4350955764005173,0.2934618238601279,0.2714425997388716,away,home,True,0-1,1-0,True,1-1,0,0,0
2010,25,Netherlands,Japan,0.02620257382152264,0.6534010747015891,0.2253382351403779,0.121260690158033,0.679603648522898,0.22206792167614134,0.09832842980053313,home,home,False,2-0,2-0,False,1-0,1,1,0
2010,26,Cameroon,Denmark,0.029434982278597727,0.31116127861939646,0.2799971104162414,0.40884161096436206,0.3278607899516844,0.2927325813623128,0.3794066286855259,away,away,False,1-2,1-2,False,1-2,3,3,0
2010,27,Slovakia,Paraguay,0.01607595664407656,0.2637058167680132,0.27640316505685725,0.4598910181751296,0.24762986012417074,0.29155523112005427,0.46081490875624326,away,away,False,0-2,0-2,False,0-2,3,3,0
2010,28,Italy,New Zealand,0.029411991129099643,0.8394564609406291,0.12330766069796724,0.037235878361403685,0.8100444698117483,0.14340068013990626,0.04655485004878313,home,home,False,2-0,2-0,False,1-1,0,0,0
2010,29,Brazil,Ivory Coast,0.12059409596239912,0.6903389593983263,0.1831039957751178,0.1265570448265558,0.5697448634356923,0.26817211403202273,0.16208302253181506,home,home,False,2-0,2-0,False,3-1,1,1,0
2010,30,Portugal,North Korea,0.04082093960151349,0.7012674033643475,0.22337715157585872,0.07535544505979386,0.7400531031388096,0.18255621197409636,0.07739068488659637,home,home,False,2-0,2-0,False,7-0,1,1,0
2010,31,Chile,Switzerland,0.06345631549916073,0.3884392335407672,0.30631400972122447,0.3052467567380084,0.4518955490401757,0.29454850481651074,0.25355594614380916,home,home,False,1-0,1-0,False,1-0,3,3,0
2010,32,Spain,Honduras,0.19904276894485634,0.6597342487702728,0.21033510466537897,0.12993064656434822,0.8587770177153558,0.11006197139197173,0.031161010893125753,home,home,False,2-0,2-0,False,2-0,3,3,0
2010,33,Mexico,Uruguay,0.15770721671497837,0.41238956215501443,0.27077013685534473,0.3168403009896408,0.28586812390222616,0.4284773535705748,0.2856545225277024,home,draw,True,2-1,1-1,True,0-1,0,0,0
2010,34,France,South Africa,0.1362933565276525,0.6074732512716906,0.2659217492604024,0.12660499946790696,0.4711798947437991,0.2759998004964923,0.25282030475923056,home,home,False,1-0,1-0,False,1-2,0,0,0
2010,35,Nigeria,South Korea,0.09884486131317968,0.365032491593131,0.3656785390663764,0.2692889693404926,0.34320582974912567,0.28866033959695725,0.36813383065342753,draw,away,True,0-0,0-1,True,2-2,1,0,-1
2010,36,Greece,Argentina,0.03556098942459412,0.14664954506131742,0.22821644590007223,0.6251340090386104,0.11247435179757519,0.2268306497389816,0.6606949984629658,away,away,False,0-2,0-2,False,0-2,3,3,0
2010,37,Slovenia,England,0.023029376485989253,0.11679722044823995,0.22080893042629654,0.6623938491254635,0.10488806206915466,0.20968871231962805,0.6854232256116882,away,away,False,0-2,0-2,False,0-1,1,1,0
2010,38,United States,Algeria,0.07278049927015355,0.5998491193800767,0.24078415317141663,0.15936672744850663,0.5270686201101782,0.26570144871141227,0.2072299311789196,home,home,False,2-0,2-0,False,1-0,1,1,0
2010,39,Ghana,Germany,0.06257368326812535,0.17538358172097285,0.23820977442751148,0.5864066438515158,0.1272487132857603,0.22377095959437615,0.6489803271194186,away,away,False,0-2,0-2,False,0-1,1,1,0
2010,40,Australia,Serbia,0.10676782690095107,0.3102966202726242,0.286492077684261,0.4032113020431148,0.22359143874391668,0.26642943231225447,0.5099791289443029,away,away,False,0-1,0-1,False,2-1,0,0,0
2010,41,Denmark,Japan,0.02748960678203044,0.46113112155002456,0.2775682803330298,0.2613005981169456,0.43364151476775104,0.2854242737179904,0.2809342115137724,home,home,False,2-0,2-0,False,1-3,0,0,0
2010,42,Cameroon,Netherlands,0.0317659340383092,0.15065769810677612,0.2421019065503295,0.6072403953428944,0.1783347375381184,0.24619080115754702,0.5754744613048358,away,away,False,0-2,0-2,False,1-2,2,2,0
2010,43,Slovakia,Italy,0.05863128440408123,0.18811623661786256,0.25358140552969083,0.5583023578524466,0.13260141782786689,0.25046493991583724,0.6169336422567598,away,away,False,0-2,0-2,False,3-2,0,0,0
2010,44,Paraguay,New Zealand,0.06992956705983801,0.7733697821086195,0.16502777857733775,0.061602439314042724,0.7034402150490171,0.21031612250447715,0.08624366244697694,home,home,False,2-0,2-0,False,0-0,0,0,0
2010,45,Portugal,Brazil,0.10250736508201842,0.20525144905459988,0.259496678861588,0.5352518720838121,0.2549803796573614,0.3122751133410839,0.43274450700203265,away,away,False,0-2,0-2,False,0-0,0,0,0
2010,46,North Korea,Ivory Coast,0.07493269203675812,0.1124773311862141,0.22990709379760496,0.6576155750161808,0.08572675061097376,0.18172498233631934,0.7325482670531711,away,away,False,0-2,0-2,False,0-3,1,1,0
2010,47,Chile,Spain,0.042572986825692605,0.15801969151310896,0.2454754897888056,0.5965048186980855,0.1392499312374649,0.22167226323852107,0.6390778055235421,away,away,False,0-2,0-2,False,1-2,2,2,0
2010,48,Switzerland,Honduras,0.2562901642472943,0.3514784884687425,0.2920106335537614,0.3565108779774961,0.6077686527162643,0.24336431986032508,0.14886702742386568,away,home,True,0-1,1-0,True,0-0,0,0,0
2010,49,Uruguay,South Korea,0.05665429497429303,0.4710443706053153,0.29913795394400317,0.22981767545068146,0.5276986655798467,0.288441225452721,0.18386010896790897,home,home,False,1-0,1-0,False,2-1,1,1,0
2010,50,United States,Ghana,0.025585506631575827,0.4270855437415259,0.2872763612876297,0.2856380949708444,0.40150003711020105,0.309100971819032,0.2893989910712689,home,home,False,1-0,1-0,False,1-2,0,0,0
2010,51,Germany,England,0.07158868467743978,0.29710921257610035,0.26613872257462345,0.4367520648492761,0.3219973975936504,0.3128392222347504,0.36516338017207356,away,away,False,1-2,1-2,False,4-1,0,0,0
2010,52,Argentina,Mexico,0.12881638928396374,0.474536534123859,0.25863054121016504,0.266832924665976,0.6033529234075674,0.25414363929962225,0.14250343729229975,home,home,False,2-1,2-1,False,3-1,1,1,0
2010,53,Netherlands,Slovakia,0.018187928674806224,0.6846046541981999,0.20251062867269284,0.11288471712910718,0.6947716544445136,0.21053155710140836,0.09469678845452392,home,home,False,2-0,2-0,False,2-1,2,2,0
2010,54,Brazil,Chile,0.022352193951189897,0.6572616996753045,0.21599258882215014,0.12674571150254538,0.634909505724343,0.23563328214068274,0.12945721213543113,home,home,False,2-0,2-0,False,0-0,0,0,0
2010,55,Paraguay,Japan,0.01989233852602075,0.43617091164330724,0.29464278292230933,0.26918630543438343,0.4457840813658468,0.3049219517255336,0.24929396690810576,home,home,False,1-0,1-0,False,3-0,1,1,0
2010,56,Spain,Portugal,0.028241205557783353,0.47444219083402084,0.28067966276213446,0.24487814640384467,0.48950377905892767,0.2938592800952439,0.21663694084629426,home,home,False,2-0,2-0,False,1-0,1,1,0
2010,57,Netherlands,Brazil,0.07863739973871048,0.2992944706627571,0.2941448613401366,0.4065606679971063,0.22726124542693538,0.28754068683700434,0.4851980677355732,away,away,False,0-1,0-1,False,1-1,0,0,0
2010,58,Uruguay,Ghana,0.025858805198402238,0.4985303751012168,0.27240939262374275,0.22906023227504058,0.5110400561577091,0.2857585167658985,0.20320142707688413,home,home,False,2-0,2-0,False,0-4,0,0,0
2010,59,Argentina,Germany,0.03763831685636651,0.45335379916385987,0.254106101793594,0.2925400990425462,0.41571548230773386,0.2909490151828836,0.2933355025098636,home,home,False,2-1,2-1,False,2-1,3,3,0
2010,60,Paraguay,Spain,0.12119429302571025,0.17017064992965575,0.2578429260944664,0.5719864239758778,0.09517008396338034,0.2116491990347829,0.6931807170013394,away,away,False,0-2,0-2,False,0-1,1,1,0
2010,61,Uruguay,Netherlands,0.03332680377616201,0.19672899614986203,0.26638646830158463,0.5368845355485533,0.16340219237345852,0.2681866769025813,0.5684111307234772,away,away,False,0-2,0-2,False,2-3,1,1,0
2010,62,Germany,Spain,0.11899685341536667,0.25101144608131676,0.25623662750179,0.4927519264168932,0.34227433583637173,0.28397059116233964,0.37375507300176447,away,away,False,1-2,1-2,False,0-1,1,1,0
2010,63,Uruguay,Germany,0.055571273286831924,0.2946331074043014,0.2586183566483804,0.44674853594731817,0.23906183411722925,0.2610759080227056,0.4998622578595847,away,away,False,1-2,1-2,False,2-3,1,1,0
2010,64,Netherlands,Spain,0.12391387992834947,0.34283037642680464,0.3045276119553266,0.3526420116178688,0.24261093614102927,0.28083317231250327,0.476555891545969,away,away,False,0-1,0-1,False,0-1,3,3,0
2014,1,Brazil,Croatia,0.08719409676146905,0.6577661250839208,0.21921875921161996,0.12301511570445912,0.7449602218456156,0.18301308690251167,0.07202669125232405,home,home,False,2-0,2-0,False,3-1,1,1,0
2014,2,Mexico,Cameroon,0.024046145146460085,0.46669452265371814,0.2826379468022806,0.2506675305440012,0.44264837750700703,0.3039346352774424,0.25341698721504846,home,home,False,2-0,2-0,False,1-0,1,1,0
2014,3,Spain,Netherlands,0.07688262419495298,0.4494067964417005,0.31179438189541564,0.23879882166288385,0.5262894206364053,0.28666958133761333,0.18704099802548496,home,home,False,1-0,1-0,False,1-5,0,0,0
2014,4,Chile,Australia,0.15114258972694927,0.5331721196911575,0.25852855602715535,0.20829932428168718,0.6843147094178696,0.2127737361594717,0.10291155442218444,home,home,False,2-0,2-0,False,3-1,1,1,0
2014,5,Colombia,Greece,0.07701199140557176,0.44910458319114716,0.3403102643000447,0.21058515250880822,0.5261165745964644,0.2920027992503992,0.18188062615262748,home,home,False,1-0,1-0,False,3-0,1,1,0
2014,6,Uruguay,Costa Rica,0.04561119539182998,0.6306690868156445,0.22826930478537122,0.14106160839898432,0.6762802822076976,0.22468284432639402,0.09903687346635473,home,home,False,2-0,2-0,False,1-3,0,0,0
2014,7,England,Italy,0.07113804332226756,0.4548603924261191,0.2865113712329424,0.25862823634093846,0.38372234910409064,0.3204326778181763,0.2958449730782112,home,home,False,2-0,2-0,False,1-2,0,0,0
2014,8,Ivory Coast,Japan,0.12338833850930453,0.48103791952851754,0.24953720394253998,0.2694248765289425,0.3576495810189643,0.2874338253267819,0.3549165936537564,home,home,False,2-1,2-1,False,2-1,3,3,0
2014,9,Switzerland,Ecuador,0.07045577770646477,0.3295257965893397,0.30630007149536015,0.3641741319153002,0.39998157429605813,0.29607547571799864,0.30394294998645055,away,home,True,0-1,1-0,True,2-1,0,1,1
2014,10,France,Honduras,0.18884932909085772,0.58529949838936,0.2714710594897704,0.14322944212086955,0.7741488274804718,0.1568259620232782,0.06902521049675808,home,home,False,1-0,1-0,False,3-0,1,1,0
2014,11,Argentina,Bosnia and Herzegovina,0.0991400093800136,0.646424067025618,0.2032978339442656,0.1502780990301164,0.7455640764054097,0.1677969935978877,0.08663892999625873,home,home,False,2-0,2-0,False,2-1,2,2,0
2014,12,Germany,Portugal,0.08544302103877086,0.38457152606081224,0.269242101091545,0.3461863728476428,0.4668383148720366,0.2724183333188426,0.260743351808623,home,home,False,2-1,2-1,False,4-0,1,1,0
2014,13,Iran,Nigeria,0.1278673126452131,0.2922467139989413,0.3091722311049161,0.39858105489614254,0.19629751328325523,0.27725411917564363,0.5264483675416102,away,away,False,0-1,0-1,False,0-0,0,0,0
2014,14,Ghana,United States,0.03739776749243384,0.360915713621341,0.30143771819029225,0.33764656818836664,0.39831348111352755,0.2813221073716826,0.3203644115142951,home,home,False,1-0,1-0,False,1-2,0,0,0
2014,15,Belgium,Algeria,0.18398147503277026,0.5442081433132075,0.26119429673378797,0.19459755995300457,0.7281896183457275,0.18203107682037403,0.0897793048333979,home,home,False,2-0,2-0,False,2-1,2,2,0
2014,16,Brazil,Mexico,0.07828427524804964,0.6482663940000628,0.21842350618716025,0.13331009981277692,0.726550669248368,0.17686872676748272,0.09658060398466034,home,home,False,2-0,2-0,False,0-0,0,0,0
2014,17,Russia,South Korea,0.022780587466928112,0.5445191591114912,0.27432835205446077,0.18115248883404803,0.5293603888895828,0.2667065348096878,0.20393307630122293,home,home,False,2-0,2-0,False,1-1,0,0,0
2014,18,Australia,Netherlands,0.16311956000683694,0.13966865420312888,0.2346807756658243,0.6256505701310469,0.06839762421325253,0.14283224564908684,0.7887701301381069,away,away,False,0-2,0-2,False,2-3,1,1,0
2014,19,Spain,Chile,0.05324290625504843,0.5659697331783996,0.2655471027070779,0.16848316411452252,0.6192126394332097,0.21340724362217553,0.1673801169441381,home,home,False,2-0,2-0,False,0-2,0,0,0
2014,20,Cameroon,Croatia,0.15054883821462892,0.2664144561763795,0.2964158839865079,0.4371696598371127,0.1696354687298069,0.24264603321819578,0.5877184980514858,away,away,False,0-1,0-1,False,0-4,1,1,0
2014,21,Colombia,Ivory Coast,0.06392638907151645,0.4145973916302731,0.2927928738394311,0.29260973453029576,0.47852378070204094,0.27229272076329075,0.24918349853517105,home,home,False,1-0,1-0,False,2-1,1,1,0
2014,22,Uruguay,England,0.09071448314276814,0.3188490407217336,0.2797794549153078,0.40137150436295865,0.2536042840515198,0.2543097284425134,0.49208598750548677,away,away,False,1-2,1-2,False,2-1,0,0,0
2014,23,Japan,Greece,0.06894707099539196,0.334639030605575,0.31451910106394537,0.35084186833047964,0.40358610160120684,0.28511499402784407,0.3112989043714289,away,home,True,0-1,1-0,True,0-0,0,0,0
2014,24,Italy,Costa Rica,0.07554693276680553,0.5483929116951185,0.2697793672193748,0.18182772108550677,0.6239398444616753,0.23628888138889137,0.1397712741489359,home,home,False,2-0,2-0,False,0-1,0,0,0
2014,25,Switzerland,France,0.09444441162410583,0.23967254290889647,0.32961968467919506,0.43070777241190855,0.2020031034418269,0.2728447125219069,0.5251521840357625,away,away,False,0-1,0-1,False,2-5,1,1,0
2014,26,Honduras,Ecuador,0.08268186521140639,0.2038689759188173,0.2704220999573025,0.5257089241238803,0.1628125383839041,0.22879667228105902,0.6083907893355364,away,away,False,0-2,0-2,False,1-2,2,2,0
2014,27,Argentina,Iran,0.16190699125813474,0.6945031197043972,0.20058612941574971,0.10491075087985317,0.8564101109623482,0.10619002852590392,0.03739986051138052,home,home,False,2-0,2-0,False,1-0,1,1,0
2014,28,Germany,Ghana,0.14728791372028133,0.5850934190250889,0.23113088513689076,0.18377569583802023,0.7323813327456075,0.16883795822175893,0.09878070903310791,home,home,False,2-0,2-0,False,2-2,0,0,0
2014,29,Nigeria,Bosnia and Herzegovina,0.1165087732400543,0.32893153814571674,0.27496331808373387,0.3961051437705495,0.22417476869832734,0.2632113142913236,0.5126139170108585,away,away,False,1-2,1-2,False,1-0,0,0,0
2014,30,Belgium,Russia,0.1674663342006416,0.2684626920389661,0.2898333717645726,0.4417039361964613,0.43592902623935315,0.28725891103723217,0.27681206272290554,away,home,True,0-1,1-0,True,1-0,0,3,3
2014,31,South Korea,Algeria,0.039598534738167795,0.41491560560629476,0.30242913998353793,0.2826552544101673,0.3852838268638148,0.29246238398760716,0.32225378914809216,home,home,False,1-0,1-0,False,2-4,0,0,0
2014,32,United States,Portugal,0.03243702484061162,0.1897155499243917,0.2676621662638236,0.5426222838117847,0.204560415369339,0.23522514142346096,0.560214443207698,away,away,False,0-2,0-2,False,2-2,0,0,0
2014,33,Australia,Spain,0.026983836241988607,0.08462832830100148,0.20175132505238816,0.7136203466466103,0.11161216454276263,0.1767217321219596,0.7116661033348228,away,away,False,0-2,0-2,False,0-3,1,1,0
2014,34,Netherlands,Chile,0.10606536181258935,0.46070533863287333,0.2795240890182965,0.2597705723488301,0.3615641629937398,0.27259990284458724,0.365835934161166,home,away,True,2-0,2-0,False,2-0,3,3,0
2014,35,Cameroon,Brazil,0.11304176832231944,0.07818451803444082,0.16723630667935097,0.7545791752862082,0.037052429585629446,0.09532662680606258,0.8676209436087473,away,away,False,0-2,0-2,False,1-4,1,1,0
2014,36,Croatia,Mexico,0.02809809541869876,0.3288116697368558,0.3023948327513299,0.3687934975118143,0.35690976515531586,0.27629030668462584,0.36679992815958085,away,away,False,0-1,0-1,False,1-3,1,1,0
2014,37,Italy,Uruguay,0.08083173059011786,0.29977483110665765,0.27332286351556867,0.4269023053777738,0.3786191247009167,0.2753103005111857,0.34607057478741415,away,home,True,1-2,2-1,True,0-1,1,0,-1
2014,38,Costa Rica,England,0.09355083198335573,0.12142067398448438,0.2331007850921884,0.6454785409233272,0.20856341770786876,0.23950887335191243,0.5519277089397242,away,away,False,0-2,0-2,False,0-0,0,0,0
2014,39,Japan,Colombia,0.06502196573288539,0.21114223995698075,0.2861620985939521,0.5026956614490672,0.27616420568962446,0.2574244341170275,0.4664113601928647,away,away,False,0-1,0-1,False,1-4,1,1,0
2014,40,Greece,Ivory Coast,0.054354205507391534,0.2695672598955718,0.2934214478480032,0.43701129225642504,0.24156226852634788,0.26707223371007255,0.4913654977640535,away,away,False,0-1,0-1,False,2-1,0,0,0
2014,41,Nigeria,Argentina,0.04107584756266226,0.1356856462093068,0.22463953658119423,0.639674817209499,0.09460979864639804,0.22483924115964532,0.6805509601934637,away,away,False,0-2,0-2,False,2-3,1,1,0
2014,42,Bosnia and Herzegovina,Iran,0.014289375923173142,0.45745911676716555,0.2697940537092534,0.272746829523581,0.44316974084374894,0.2703984664018136,0.2864317927539505,home,home,False,2-1,2-1,False,3-1,1,1,0
2014,43,Honduras,Switzerland,0.1724122332014339,0.2151614647516298,0.3038191762295348,0.48101935901883536,0.13239344597784827,0.21417496180164164,0.6534315922200284,away,away,False,0-1,0-1,False,0-3,1,1,0
2014,44,Ecuador,France,0.1634290330768236,0.2603403089602598,0.3044797587025232,0.4351799323372171,0.17014403956905744,0.23124699501666895,0.5986089654138077,away,away,False,0-1,0-1,False,0-0,0,0,0
2014,45,United States,Germany,0.08926947041585262,0.17332820924898648,0.21658882988086006,0.6100829608701535,0.10939688781231054,0.3058583002964785,0.5847448118907426,away,away,False,0-2,0-2,False,0-1,1,1,0
2014,46,Portugal,Ghana,0.08641349684914416,0.5189065023240691,0.2830616311567789,0.19803186651915206,0.550783273640464,0.19664813430738345,0.25256859205165005,home,home,False,1-0,1-0,False,2-1,1,1,0
2014,47,South Korea,Belgium,0.05269914112015214,0.25154563921522505,0.2724497042296022,0.4760046565551728,0.20435406140511408,0.2669421409198061,0.5287037976755701,away,away,False,0-2,0-2,False,0-1,1,1,0
2014,48,Algeria,Russia,0.122576097292784,0.13853816162821744,0.2563643801655635,0.6050974582062191,0.25836953828418296,0.2591091008021393,0.48252136091319237,away,away,False,0-2,0-2,False,1-1,0,0,0
2014,49,Brazil,Chile,0.006530863001793605,0.6344303749199914,0.2194129402962396,0.14615668478376886,0.639937728092864,0.21288207729421668,0.14718019461246062,home,home,False,2-0,2-0,False,1-1,0,0,0
2014,50,Colombia,Uruguay,0.10701785497698044,0.34432341262524163,0.3053483483081898,0.3503282390665686,0.45134126760247245,0.2870479272924556,0.2616108051055728,away,home,True,0-1,1-0,True,2-0,0,1,1
2014,51,Netherlands,Mexico,0.02414786024776107,0.4778244698380972,0.2832069764057978,0.238968553756105,0.45367660959058675,0.28899946191882103,0.2573239284910935,home,home,False,2-0,2-0,False,2-1,2,2,0
2014,52,Costa Rica,Greece,0.11762433681914436,0.24285992166825732,0.3328956418349192,0.42424443649682336,0.36048425848764365,0.309795395202874,0.32972034630996616,away,home,True,0-1,1-0,True,1-1,0,0,0
2014,53,France,Nigeria,0.18522921986790922,0.5047981921439846,0.29963203637541685,0.19556977148059848,0.6900274120116716,0.20357819273740999,0.10639439525047392,home,home,False,1-0,1-0,False,2-0,1,1,0
2014,54,Germany,Algeria,0.01771862781682447,0.7624911426610884,0.15642852274854124,0.0810803345903702,0.7447725148440314,0.16822014730149334,0.08700733785401002,home,home,False,2-0,2-0,False,2-1,2,2,0
2014,55,Argentina,Switzerland,0.06585254204984946,0.5579843621639385,0.2633712965515384,0.17864434128452303,0.6238369042140245,0.23079716378219792,0.14536593200425055,home,home,False,2-0,2-0,False,1-0,1,1,0
2014,56,Belgium,United States,0.10250715546782398,0.3825046676490303,0.2811140522205008,0.33638128013046886,0.48359511411683753,0.28253076122027826,0.23387412466240562,home,home,False,2-1,2-1,False,2-1,3,3,0
2014,57,France,Germany,0.05217244056988185,0.3176691482405561,0.2829489810976628,0.39938187066178116,0.3446476971337818,0.30814287277456043,0.3472094300921408,away,away,False,1-2,1-1,True,0-1,1,0,-1
2014,58,Brazil,Colombia,0.02194065007255118,0.5556674346437902,0.2730452943807584,0.17128727097545143,0.5518903401288938,0.2548817388233449,0.1932279210482439,home,home,False,2-0,2-0,False,2-1,2,2,0
2014,59,Argentina,Belgium,0.13698435118317734,0.6258742707809446,0.21939307465804733,0.15473265456100815,0.4888899195980085,0.2863130640582385,0.22479701634423557,home,home,False,2-0,2-0,False,1-0,1,1,0
2014,60,Netherlands,Costa Rica,0.02786246163789413,0.6676406321222617,0.22303569624120848,0.10932367163652978,0.6397781704841407,0.2296243922766033,0.1305974372388022,home,home,False,2-0,2-0,False,0-0,0,0,0
2014,61,Brazil,Germany,0.19786577499411262,0.5645825011094375,0.22746289317671675,0.2079546057138457,0.36671672611556494,0.3041929793898299,0.32909029449508514,home,home,False,2-1,2-1,False,1-7,0,0,0
2014,62,Netherlands,Argentina,0.012272228601511226,0.3195152429244575,0.28742168442174615,0.39306307265379625,0.31499806098821576,0.29969391302350007,0.38530802598876945,away,away,False,1-2,1-2,False,0-0,0,0,0
2014,63,Brazil,Netherlands,0.06962780680946522,0.5094422238673867,0.2703624964711732,0.22019527966144012,0.44925692552305974,0.26091998800628663,0.289823086471157,home,home,False,2-0,2-0,False,0-3,0,0,0
2014,64,Germany,Argentina,0.14265496614090978,0.31671169774395375,0.24991751112730373,0.43337079112874244,0.41206388109011505,0.2972202939222997,0.29071582498808013,away,home,True,1-2,2-1,True,1-0,0,1,1
2018,1,Russia,Saudi Arabia,0.07690696144132628,0.5961076003092398,0.24081750844269728,0.1630748912480629,0.6730145617503276,0.22271344114149974,0.10427199710769568,home,home,False,2-0,2-0,False,5-0,1,1,0
2018,2,Egypt,Uruguay,0.17625407806550017,0.221374173992832,0.30172771647250346,0.4768981095346645,0.11071681916656109,0.23613099323303663,0.6531521875999271,away,away,False,0-1,0-1,False,0-1,3,3,0
2018,3,Morocco,Iran,0.10790950314056007,0.32948243226286333,0.38300404064522076,0.28751352709191585,0.43739193540317667,0.32877146364496085,0.23383660095136896,draw,home,True,0-0,1-0,True,0-1,0,0,0
2018,4,Portugal,Spain,0.01172684845504933,0.23221212337097438,0.29871467990404416,0.4690731967249815,0.22280481857079387,0.296395136249419,0.48080004518027447,away,away,False,0-1,0-1,False,3-3,0,0,0
2018,5,France,Australia,0.14714507375970193,0.6327196892106876,0.23255999129586002,0.13472031949345242,0.7798647629706356,0.13419266383025483,0.0859425731996018,home,home,False,2-0,2-0,False,2-1,2,2,0
2018,6,Argentina,Iceland,0.0065460493069178435,0.7436143447631862,0.17262116003184336,0.08376449520497044,0.7385204965414158,0.1791672093385101,0.08231229411957189,home,home,False,2-0,2-0,False,1-1,0,0,0
2018,7,Peru,Denmark,0.1236741334779356,0.37134016253980107,0.3294857538627931,0.2991740835974059,0.2628169996543864,0.31433478327002706,0.42284821707509634,home,away,True,1-0,0-1,True,0-1,0,3,3
2018,8,Croatia,Nigeria,0.12497778457272882,0.45912487509429106,0.32214664646312907,0.21872847844257987,0.5841026596667754,0.25709279023681414,0.15880455009592154,home,home,False,1-0,1-0,False,2-0,1,1,0
2018,9,Costa Rica,Serbia,0.0838310071231391,0.25190723647664254,0.29864892764884254,0.449443835874515,0.18117962872393867,0.2855455282781644,0.5332748429974111,away,away,False,0-2,0-2,False,0-1,1,1,0
2018,10,Germany,Mexico,0.046765668353576956,0.6130862437028122,0.22676320675501807,0.16015054954216967,0.6598519120566306,0.21102201099453052,0.12912607694932177,home,home,False,2-0,2-0,False,0-1,0,0,0
2018,11,Brazil,Switzerland,0.054101790652569065,0.6134563302773263,0.24790818101573445,0.13863548870693926,0.6675581209301366,0.21895681034917983,0.11348506872116604,home,home,False,2-0,2-0,False,1-1,0,0,0
2018,12,Sweden,South Korea,0.09752549741204491,0.5278492684400321,0.2784703138223908,0.1936804177375771,0.4303237710282305,0.31952776729537213,0.250148461676884,home,home,False,2-0,2-0,False,1-0,1,1,0
2018,13,Belgium,Panama,0.12063809012924855,0.6928314956006496,0.20524502044027407,0.10192348395907641,0.8134695857301344,0.1381121476360821,0.04841826663425608,home,home,False,2-0,2-0,False,3-0,1,1,0
2018,14,Tunisia,England,0.08151310712515747,0.1423170953628704,0.2765042202809285,0.581178684356201,0.1094321556664899,0.22787605285191365,0.6626917914811206,away,away,False,0-1,0-1,False,1-2,1,1,0
2018,15,Colombia,Japan,0.05775482681364348,0.5786695905031471,0.2703391135422793,0.15099129595457347,0.520914763689262,0.2900527658491644,0.18903247046109023,home,home,False,2-0,2-0,False,1-2,0,0,0
2018,16,Poland,Senegal,0.028188814029128206,0.3657958013673457,0.3145492710304581,0.31965492760219627,0.3927244654526253,0.31580942097405923,0.2914661135728206,home,home,False,1-0,1-0,False,1-2,0,0,0
2018,17,Russia,Egypt,0.17258479586400655,0.3270506617430271,0.33450412839846255,0.3384452098585104,0.49963545760678496,0.2758968938985912,0.2244676484941265,away,home,True,0-0,1-0,True,3-1,0,1,1
2018,18,Portugal,Morocco,0.11246776090609316,0.46464952486459293,0.32760571407425026,0.2077447610611568,0.5771172857709334,0.26354475186823845,0.15933796236132272,home,home,False,1-0,1-0,False,1-0,3,3,0
2018,19,Uruguay,Saudi Arabia,0.044609848733160325,0.7624280948625112,0.1591067438380576,0.07846516129943118,0.8070379435958938,0.1429218924986951,0.0500401639058556,home,home,False,2-0,2-0,False,1-0,1,1,0
2018,20,Iran,Spain,0.19847356312529285,0.11832948740044953,0.26567435023077896,0.6159961623687714,0.045704637675958136,0.13982563682974325,0.81446972549383,away,away,False,0-1,0-1,False,0-1,3,3,0
2018,21,Denmark,Australia,0.02741420440513917,0.4822232447513668,0.28443967343227167,0.2333370818163615,0.5096374491567476,0.28286796467857533,0.20749458616516028,home,home,False,2-0,2-0,False,1-1,0,0,0
2018,22,France,Peru,0.17670081805204732,0.42868322534319503,0.32023704383515916,0.25107973082164575,0.6053840433949892,0.25110533811904434,0.1435106184854601,home,home,False,1-0,1-0,False,1-0,3,3,0
2018,23,Argentina,Croatia,0.07020654303696257,0.5355843214917654,0.2840462677437106,0.18036941076452395,0.4653777784545566,0.29623676196924564,0.23838545957570526,home,home,False,2-0,2-0,False,0-3,0,0,0
2018,24,Brazil,Costa Rica,0.05580723253956174,0.7575827422902904,0.17591034264773214,0.06650691506197745,0.8133899748296348,0.1408700012744904,0.0457400238954401,home,home,False,2-0,2-0,False,2-0,3,3,0
2018,25,Nigeria,Iceland,0.045629368346497334,0.3711564280986558,0.3033400596562544,0.32550351224508983,0.3255270597524123,0.31576365843241017,0.35870928181568523,home,away,True,1-0,1-1,True,2-0,1,0,-1
2018,26,Serbia,Switzerland,0.0750104218179305,0.29592574264601845,0.30140603716409303,0.4026682201898885,0.3545773660879339,0.3177648355398578,0.3276577983717077,away,home,True,0-1,1-1,True,1-2,1,0,-1
2018,27,Belgium,Tunisia,0.1448939813863433,0.5882941505014581,0.2495294009283654,0.16217644857017655,0.7331881318880433,0.18778902955260768,0.07902283855983296,home,home,False,2-0,2-0,False,5-2,1,1,0
2018,28,South Korea,Mexico,0.06981996541068317,0.22149794764552588,0.27392202231756413,0.50458003003691,0.17211768959221063,0.2534823149604383,0.5743999954478353,away,away,False,0-2,0-2,False,1-2,2,2,0
2018,29,Germany,Sweden,0.1101143696533224,0.5572744557801315,0.25564408530540156,0.18708145891446706,0.6673888254332001,0.20707011740697032,0.12554105715932215,home,home,False,2-0,2-0,False,2-1,2,2,0
2018,30,England,Panama,0.1284817096794753,0.6772325703667805,0.230848962323133,0.09191846731008652,0.8057142800460206,0.14695333928556223,0.04733238066794677,home,home,False,2-0,2-0,False,6-1,1,1,0
2018,31,Japan,Senegal,0.03675688651384354,0.2841974626862918,0.3143480434473382,0.40145449386636994,0.3070368567436837,0.3282655359035434,0.36469760735227996,away,away,False,0-1,0-1,False,2-2,0,0,0
2018,32,Poland,Colombia,0.0707951430863528,0.2088400738401159,0.29808439945406495,0.49307552670581917,0.27963521692622084,0.28046677572698736,0.4398980073462961,away,away,False,0-1,0-1,False,0-3,1,1,0
2018,33,Uruguay,Russia,0.14616686183634833,0.5011044009780431,0.28051130045892914,0.21838429856302766,0.354937539141444,0.31705163975665707,0.3280108211013973,home,home,False,2-0,2-0,False,3-0,1,1,0
2018,34,Saudi Arabia,Egypt,0.03084149467985471,0.1603267749766985,0.2578039960755159,0.5818692289477855,0.18155015003858968,0.2674221156932287,0.55102773426768,away,away,False,0-2,0-2,False,2-1,0,0,0
2018,35,Spain,Morocco,0.11929934920935502,0.5986992388052385,0.26977308027719943,0.13152768091756203,0.7179985880143573,0.18814803205975908,0.09385337992541123,home,home,False,2-0,2-0,False,2-2,0,0,0
2018,36,Iran,Portugal,0.12609727204466992,0.18888740675802523,0.32770839852703637,0.48340419471493845,0.1519462362852436,0.2385522969549064,0.6095014667593667,away,away,False,0-1,0-1,False,1-1,0,0,0
2018,37,Australia,Peru,0.1333382495408308,0.20129708015165035,0.28258686469581257,0.5161160551525371,0.3346353296927269,0.27597282417615376,0.3893918461316109,away,away,False,0-2,0-2,False,0-2,3,3,0
2018,38,Denmark,France,0.04851219634024484,0.22176129968002273,0.3009861458020541,0.4772525545179232,0.18084236620412258,0.34949834214205483,0.4696592916533344,away,away,False,0-1,0-1,False,0-0,0,0,0
2018,39,Iceland,Croatia,0.01876186028839269,0.20581467807776135,0.2647084394597778,0.5294768824624608,0.22102632164759708,0.24594657917113616,0.5330270991807688,away,away,False,0-2,0-2,False,1-2,2,2,0
2018,40,Nigeria,Argentina,0.05704514622455106,0.10333175594860053,0.23794487834116257,0.6587233657102369,0.16037690217291325,0.18551784068063143,0.6541052571459787,away,away,False,0-2,0-2,False,1-2,2,2,0
2018,41,South Korea,Germany,0.09599519883411864,0.08200395598465249,0.1731187876113858,0.7448772564039616,0.04557090774178817,0.11355663702033646,0.8408724552382852,away,away,False,0-2,0-2,False,2-0,0,0,0
2018,42,Mexico,Sweden,0.12149312799755224,0.31673609904982686,0.2955242957086878,0.38773960524148543,0.43822922704762796,0.2867269848683724,0.2750437880844975,away,home,True,1-2,2-1,True,0-3,1,0,-1
2018,43,Serbia,Brazil,0.03766550028390133,0.10413939434247817,0.19391886356172866,0.7019417420957932,0.12851596645265292,0.20720779173570655,0.6642762418121432,away,away,False,0-2,0-2,False,0-2,3,3,0
2018,44,Switzerland,Costa Rica,0.12873977227871852,0.48089992849382157,0.31312597612772836,0.20597409537845013,0.6096397007727825,0.2626946680450207,0.1276656311826817,home,home,False,1-0,1-0,False,2-2,0,0,0
2018,45,Japan,Poland,0.08997909696132991,0.2717667805033645,0.27389671287460465,0.4543365066220308,0.32793439459280105,0.30770819574624864,0.3643574096604515,away,away,False,1-2,1-2,False,0-1,1,1,0
2018,46,Senegal,Colombia,0.0787837508318997,0.18814646995637815,0.3334402891033302,0.4784132409402916,0.18854519914590726,0.2546565382716786,0.5567982625829103,away,away,False,0-1,0-1,False,0-1,3,3,0
2018,47,England,Belgium,0.04905588499852134,0.3837290225426347,0.30416250210005213,0.3121084753573132,0.3960823249252381,0.3408650847162238,0.26305259035904555,home,home,False,1-0,1-1,True,0-1,0,0,0
2018,48,Panama,Tunisia,0.08785698887647907,0.2458336810556784,0.3216648931689092,0.4325014257754124,0.22112619585255733,0.2585153894953011,0.5203584146516413,away,away,False,0-1,0-1,False,1-2,1,1,0
2018,49,France,Argentina,0.14491546990101123,0.25734922661984594,0.307862371501692,0.43478840187846207,0.4002049865676778,0.30992208145462463,0.2898729319772041,away,home,True,0-1,1-0,True,4-3,0,1,1
2018,50,Uruguay,Portugal,0.020985554920312288,0.31797902589143184,0.3056956419304333,0.37632533217813485,0.3185065107147319,0.32615371202719706,0.3553397772575741,away,away,False,0-1,1-1,True,2-1,0,0,0
2018,51,Spain,Russia,0.0399889863279552,0.6564822984176183,0.22726488200864517,0.11625281957373652,0.61649331208941,0.23436587859053742,0.14914080931954643,home,home,False,2-0,2-0,False,1-1,0,0,0
2018,52,Croatia,Denmark,0.11859114521564434,0.37274403587686905,0.3228112038266457,0.3044447602964852,0.4913351810927624,0.3007955948253332,0.20786922408240238,home,home,False,1-0,1-0,False,1-1,0,0,0
2018,53,Brazil,Mexico,0.0253493800498754,0.6849808203028924,0.20274943727995176,0.11226974241715583,0.659631440253261,0.2167430768652546,0.1236254828819724,home,home,False,2-0,2-0,False,2-0,3,3,0
2018,54,Belgium,Japan,0.11012804433209403,0.5773061082041159,0.23943406779014076,0.18325982400574345,0.6874341525364481,0.20379372609429547,0.10877212136973292,home,home,False,2-0,2-0,False,3-2,1,1,0
2018,55,Sweden,Switzerland,0.04837870376204775,0.33515051711786625,0.32131219763805347,0.34353728524408017,0.28677181335557084,0.3286924473601444,0.3845357392837893,away,away,False,1-1,0-1,True,1-0,0,0,0
2018,56,Colombia,England,0.14487130056273156,0.33452232257690334,0.35698704246225343,0.30849063496084334,0.23570685173537462,0.3109312127412936,0.4533619355238179,draw,away,True,0-0,0-1,True,1-1,1,0,-1
2018,57,Uruguay,France,0.0873534755425262,0.2934355601681149,0.3004123224373303,0.40615211739455476,0.20608208462582855,0.3097489079339584,0.48416900744069274,away,away,False,1-2,1-2,False,0-2,2,2,0
2018,58,Brazil,Belgium,0.10754595191534674,0.566448405813424,0.24602676667694723,0.1875248275096288,0.4589024538978308,0.2811514891206176,0.25994605698105866,home,home,False,2-0,2-0,False,1-2,0,0,0
2018,59,Sweden,England,0.07773097691289985,0.23664787502044532,0.31438321606830394,0.44896890891125074,0.18648810192566878,0.286812012250423,0.526699885824393,away,away,False,0-1,0-1,False,0-2,1,1,0
2018,60,Russia,Croatia,0.020016482632543298,0.25100436001249227,0.31090483390973206,0.43809080607777573,0.23661226318223694,0.30528044810719246,0.4581072887100674,away,away,False,0-1,0-1,False,2-2,0,0,0
2018,61,France,Belgium,0.02898812173286275,0.402482300469087,0.29121180176978345,0.3063058977611296,0.3734941787359769,0.3074875960767342,0.31901822518679424,home,home,False,2-1,2-1,False,1-0,1,1,0
2018,62,Croatia,England,0.009509345490158833,0.2556538206607836,0.327916197734425,0.41642998160479144,0.2513607399693068,0.3226999329359962,0.4259393270952035,away,away,False,0-1,0-1,False,2-1,0,0,0
2018,63,Belgium,England,0.12932753376595252,0.3121084753573132,0.30416250210005213,0.38372902254263475,0.4414360091230161,0.25595476106879256,0.3026092298076922,away,home,True,0-1,1-0,True,2-0,0,1,1
2018,64,France,Croatia,0.020022543878181323,0.4370533259892473,0.3126583665964751,0.25028830741427766,0.4570758698676771,0.31243694134369504,0.2304871887891249,home,home,False,1-0,1-0,False,4-2,1,1,0
2022,1,Senegal,Netherlands,0.06898552848927962,0.19213752011505547,0.29155779766216594,0.5163046822227786,0.1558190483669127,0.25889074092126324,0.5852902107122924,away,away,False,0-1,0-1,False,0-2,1,1,0
2022,2,England,Iran,0.17822639875226431,0.5312887245879907,0.3087680523895661,0.15994322302244315,0.7095151233404905,0.20470327266182514,0.08578160399815532,home,home,False,1-0,1-0,False,6-2,1,1,0
2022,3,Qatar,Ecuador,0.19359127567880977,0.16026172826069449,0.21378937517521115,0.6259488965640944,0.2625986988397812,0.3050436802746873,0.4323576208850377,away,away,False,0-2,0-2,False,0-2,3,3,0
2022,4,United States,Wales,0.0711989553085085,0.3219675444264711,0.3439445479601981,0.3340879076133309,0.39316649973473045,0.3084869272649883,0.29834657299978307,draw,home,True,0-0,1-0,True,1-1,1,0,-1
2022,5,Argentina,Saudi Arabia,0.058399163606202044,0.8189776631845224,0.13734192259487715,0.04368041422060049,0.8773768267905694,0.09559087010577712,0.02703230310334346,home,home,False,2-0,2-0,False,1-2,0,0,0
2022,6,Denmark,Tunisia,0.003842384613134686,0.6174542591850071,0.2466068148191295,0.13593892599586335,0.6152696993500402,0.2449489900407144,0.13978131060875074,home,home,False,2-0,2-0,False,0-0,0,0,0
2022,7,Mexico,Poland,0.0937348881632139,0.31992969933305243,0.2797331032109495,0.40033719745599794,0.3867953814144318,0.3066023092930295,0.3066023092930295,away,home,True,1-2,2-1,True,0-0,0,0,0
2022,8,France,Australia,0.11468725073478234,0.6923766846638734,0.1986511397718321,0.10897217556429453,0.8070639353989044,0.13498853131418515,0.057947533287407885,home,home,False,2-0,2-0,False,4-1,1,1,0
2022,9,Morocco,Croatia,0.012530332441634207,0.26182673996178446,0.2924030245505313,0.4457702354876843,0.2735837493653193,0.29317634758839234,0.4332399030458118,away,away,False,0-1,0-1,False,0-0,0,0,0
2022,10,Germany,Japan,0.007574651197048074,0.6850381329573758,0.1832854977418531,0.13167636930077115,0.6861535260615571,0.18974475583494066,0.12410171810394385,home,home,False,2-0,2-0,False,1-2,0,0,0
2022,11,Spain,Costa Rica,0.11873572764068104,0.7332226058625112,0.19106625433958765,0.07571113979790106,0.8519583335029801,0.10443235921993681,0.04360930727665877,home,home,False,2-0,2-0,False,7-0,1,1,0
2022,12,Belgium,Canada,0.1031362780808337,0.7192953532815423,0.1763897396181052,0.10431490710035267,0.6161590752004741,0.2245409547324685,0.1592999700665886,home,home,False,2-0,2-0,False,1-0,1,1,0
2022,13,Switzerland,Cameroon,0.03237896322722256,0.5671188132367875,0.26512908244834965,0.1677521043148629,0.5347398500098143,0.2793164798776833,0.18594367011300114,home,home,False,2-0,2-0,False,1-0,1,1,0
2022,14,Uruguay,South Korea,0.022621326639957903,0.5645992618346598,0.2722919568727913,0.16310878129254897,0.5432330891953495,0.2710368028718891,0.18573010793225228,home,home,False,1-0,1-0,False,0-0,0,0,0
2022,15,Portugal,Ghana,0.026319206236455527,0.7239136387279023,0.19399813723760959,0.08208822403448823,0.7502328449645889,0.16888072554865363,0.08088642948721973,home,home,False,2-0,2-0,False,3-2,1,1,0
2022,16,Brazil,Serbia,0.04338947208306544,0.7129000456923584,0.19403540271827266,0.09306455158936897,0.6695105736095466,0.20600740762502953,0.12448201876593112,home,home,False,2-0,2-0,False,2-0,3,3,0
2022,17,Wales,Iran,0.1481302670996989,0.30534074212522067,0.3660715272620973,0.32858773061268204,0.45347100922466793,0.29815324113956954,0.24837574963525924,draw,home,True,0-0,1-0,True,0-2,0,0,0
2022,18,Qatar,Senegal,0.04267681427047068,0.1869097276187514,0.2885619844956519,0.5245282878855967,0.1681618507005097,0.2646330471431882,0.5672051021558326,away,away,False,0-1,0-1,False,1-3,1,1,0
2022,19,Netherlands,Ecuador,0.039138822576207544,0.5402898393372668,0.24096571705033742,0.21874444361239584,0.5256477768512142,0.2801045396262963,0.1942476835219922,home,home,False,2-1,2-1,False,1-1,0,0,0
2022,20,England,United States,0.08602105765327173,0.5754836248201831,0.27671269528711545,0.14780367989270143,0.6615046824732171,0.22409122877683404,0.11440408874947341,home,home,False,1-0,1-0,False,0-0,0,0,0
2022,21,Tunisia,Australia,0.1065673285544177,0.33703513845224237,0.30271856044466083,0.36024630110309686,0.4436024670068967,0.2885121792384139,0.26788535375516276,away,home,True,0-1,1-0,True,0-1,3,0,-3
2022,22,Poland,Saudi Arabia,0.06407256440154883,0.6311006761328841,0.22840324431536066,0.14049607955175522,0.5670281117310992,0.26527363654822256,0.1676982517202061,home,home,False,2-0,2-0,False,2-0,3,3,0
2022,23,France,Denmark,0.12636407685629597,0.40516433188223133,0.2953102138737881,0.2995254542439806,0.5315284087387674,0.27073320499728404,0.19773838626442874,home,home,False,1-0,1-0,False,2-1,1,1,0
2022,24,Argentina,Mexico,0.005692306157570007,0.6384849964635924,0.23394906188568046,0.12756594165072718,0.6351217497624742,0.23964136804302946,0.12523688219405438,home,home,False,2-0,2-0,False,2-0,3,3,0
2022,25,Japan,Costa Rica,0.2557543115441657,0.4009178862591845,0.3165439585403014,0.2825381552005141,0.6566721978035984,0.2233502585337368,0.1199775436631612,home,home,False,1-0,1-0,False,0-1,0,0,0
2022,26,Belgium,Morocco,0.09230453800183723,0.6026519598404164,0.24071953654802708,0.15662850361155659,0.5103474218388341,0.2801711562411513,0.2094814219205245,home,home,False,2-0,2-0,False,0-2,0,0,0
2022,27,Croatia,Canada,0.12190972542755368,0.557681249754354,0.2436052006907455,0.1987135495549006,0.4357715243265493,0.29267967006159973,0.2715488056113491,home,home,False,2-0,2-0,False,4-1,1,1,0
2022,28,Spain,Germany,0.08707274790398678,0.4683293986735601,0.2451680778868987,0.28650252343954113,0.38125665076981863,0.27851194140612096,0.34023140782455097,home,home,False,2-1,2-1,False,1-1,0,0,0
2022,29,Cameroon,Serbia,0.04020094446334907,0.20156865978305993,0.26778997891997297,0.530641361296967,0.1777693617403841,0.25138833249954,0.5708423057605564,away,away,False,0-2,0-2,False,3-3,0,0,0
2022,30,South Korea,Ghana,0.07472016668093412,0.41197370581603654,0.3225926321920453,0.26543366199191826,0.3519412661103467,0.30790490521705743,0.3401538286731088,home,home,False,1-0,1-0,False,2-3,0,0,0
2022,31,Brazil,Switzerland,0.011088814472256604,0.6478923024440568,0.2331001667116831,0.11900753084426002,0.6579079016243014,0.2220113522396748,0.12008074613652041,home,home,False,2-0,2-0,False,1-0,1,1,0
2022,32,Portugal,Uruguay,0.07906884053534685,0.4210815433811603,0.300792143359644,0.27812631325919573,0.5001503839162653,0.2861710352343171,0.21367858084893399,home,home,False,1-0,1-0,False,2-0,1,1,0
2022,33,Ecuador,Senegal,0.024957574573996583,0.36523586889373894,0.3281481905861146,0.30661594052014646,0.3901934434679753,0.31365839989528127,0.296148156637223,home,home,False,1-0,1-0,False,1-2,0,0,0
2022,34,Netherlands,Qatar,0.02706795566931852,0.7881108500165162,0.13871288586259245,0.07317626412089144,0.8151788056855838,0.13069166610088287,0.054129528213031596,home,home,False,2-0,2-0,False,2-0,3,3,0
2022,35,Wales,England,0.12707440102200485,0.15197821380402998,0.2900227621159731,0.5579990240799969,0.10264970864577531,0.21227686625197315,0.685073425101752,away,away,False,0-1,0-1,False,0-3,1,1,0
2022,36,Iran,United States,0.19279529751149083,0.3399834064326848,0.35566388118601944,0.3043527123812958,0.23086857707425587,0.27198341303320395,0.497148009893033,draw,away,True,0-0,0-1,True,0-1,0,3,3
2022,37,Australia,Denmark,0.05742324187466948,0.14025767282328294,0.22797495251563524,0.6317673746610818,0.11421506566501709,0.1965943177994881,0.6891906165360078,away,away,False,0-2,0-2,False,1-0,0,0,0
2022,38,Tunisia,France,0.07702066506051544,0.10701029762982026,0.21672931908259663,0.6762603832875832,0.15543992543369464,0.2453203563389999,0.59923971822683,away,away,False,0-2,0-2,False,1-0,0,0,0
2022,39,Poland,Argentina,0.06280934956816055,0.14783551093115307,0.22977059010043585,0.6223938989684111,0.10700690576686586,0.20778984569633224,0.6852032485363414,away,away,False,0-2,0-2,False,0-2,3,3,0
2022,40,Saudi Arabia,Mexico,0.03989679071805678,0.16665314005202167,0.26593670163744054,0.5674101583105378,0.16989808641550144,0.2260399109196369,0.6040620026653679,away,away,False,0-2,0-2,False,1-2,2,2,0
2022,41,Croatia,Belgium,0.13985599642433255,0.2277695163181962,0.23190335197773618,0.5403271317040675,0.3181517794661382,0.2813770852543726,0.4004711352799809,away,away,False,1-2,1-2,False,0-0,0,0,0
2022,42,Canada,Morocco,0.11281643557404443,0.27128398736025,0.3130816164727385,0.4156343961670115,0.195883537590439,0.2756656306682555,0.5284508317408063,away,away,False,0-1,0-1,False,1-2,1,1,0
2022,43,Japan,Spain,0.06909877596188865,0.0940000998111935,0.17602609090037208,0.7299738092884344,0.12697602281782722,0.212148943855407,0.6608750333263257,away,away,False,0-2,0-2,False,2-1,0,0,0
2022,44,Costa Rica,Germany,0.19158031004885612,0.10377036281671308,0.19524629379219738,0.7009833433910895,0.028089244742548074,0.07934710181734118,0.8925636534397805,away,away,False,0-2,0-2,False,2-4,1,1,0
2022,45,Ghana,Uruguay,0.0923838298171161,0.11764256361767536,0.24547644880284977,0.636880987579475,0.20476033097022217,0.2507425112671852,0.544497157762125,away,away,False,0-2,0-2,False,0-2,3,3,0
2022,46,South Korea,Portugal,0.1261228306556023,0.11877291800615693,0.22582940567308846,0.6553976763207545,0.219186231323915,0.2515389230106953,0.5292748456649148,away,away,False,0-2,0-2,False,2-1,0,0,0
2022,47,Serbia,Switzerland,0.08372302452863342,0.3149136614582902,0.26434498682829166,0.42074135171341814,0.3789662965038477,0.284015376311623,0.33701832718504016,away,home,True,1-2,2-1,True,2-3,1,0,-1
2022,48,Cameroon,Brazil,0.06661965751276616,0.044820543268612976,0.16091751333656307,0.794261943394824,0.09642594695903892,0.17593176715865977,0.7276422858818143,away,away,False,0-2,0-2,False,1-0,0,0,0
2022,49,Netherlands,United States,0.04704671541197869,0.551984236135684,0.25953381182212004,0.18848195204219587,0.5049375207239493,0.2829278409515752,0.21213463832496332,home,home,False,2-0,2-0,False,3-1,1,1,0
2022,50,Argentina,Australia,0.02472824228084889,0.7414176132886411,0.17783845219391597,0.0807439345174429,0.763640820157977,0.15311020991328853,0.08324896992917735,home,home,False,2-0,2-0,False,2-1,2,2,0
2022,51,England,Senegal,0.07101243011571093,0.5351471733521985,0.3138905811002924,0.1509622455475091,0.6061596034681573,0.25676646339678194,0.1370739331355565,home,home,False,1-0,1-0,False,3-0,1,1,0
2022,52,France,Poland,0.14010621729448958,0.5623237526233866,0.24472640698171338,0.1929498403948999,0.7024299699176545,0.19301093602896294,0.10455909405293906,home,home,False,2-0,2-0,False,3-1,1,1,0
2022,53,Japan,Croatia,0.10012354010477345,0.20119079196361606,0.23825319462430228,0.5605560134120816,0.2451212137391226,0.2944463129538053,0.4604324733075443,away,away,False,0-2,0-2,False,1-1,0,0,0
2022,54,Brazil,South Korea,0.03110622670504256,0.7725642698334664,0.17202697300931735,0.055408757157216326,0.802515215652293,0.14092074630404497,0.05656403804320244,home,home,False,2-0,2-0,False,4-1,1,1,0
2022,55,Morocco,Spain,0.011224109067496602,0.1405079909558741,0.2492982410864023,0.6101937679577236,0.14966548393322196,0.251364857176781,0.598969658890457,away,away,False,0-2,0-2,False,0-0,0,0,0
2022,56,Portugal,Switzerland,0.006126312558999952,0.4973200239125784,0.2688930340868427,0.2337869420005789,0.5034463364713253,0.26551668056992517,0.2310369829582434,home,home,False,2-0,2-0,False,6-1,1,1,0
2022,57,Croatia,Brazil,0.030234820573979138,0.11529810858540278,0.21897617881054057,0.6657257126040567,0.10207541701663812,0.20196404980509655,0.6959605331778063,away,away,False,0-2,0-2,False,1-1,0,0,0
2022,58,Netherlands,Argentina,0.03606274647586208,0.2585442081057198,0.2754398034483636,0.4660159884459166,0.2620177219126804,0.3080290361170292,0.4299532419698186,away,away,False,0-2,0-2,False,2-2,0,0,0
2022,59,Morocco,Portugal,0.04273077651076926,0.16113022857436368,0.27231687051387454,0.5665529009117618,0.1452914890666973,0.24542483351101937,0.6092836774227788,away,away,False,0-1,0-1,False,1-0,0,0,0
2022,60,England,France,0.03536720024990994,0.37003295331711705,0.3123554238793461,0.31761162280353683,0.33731984059523773,0.30970133635155345,0.3529788230536847,home,away,True,1-0,0-1,True,1-2,0,1,1
2022,61,Argentina,Croatia,0.0803383818233397,0.5648034981524666,0.24953429180768857,0.18566221003984484,0.4844651163288711,0.3075562191111415,0.2079786645594759,home,home,False,2-0,2-0,False,3-0,1,1,0
2022,62,France,Morocco,0.05285891928008882,0.5580650503433636,0.275522499236677,0.16641245041995936,0.6109239696236949,0.24466708989923147,0.1444089404775585,home,home,False,1-0,1-0,False,2-0,1,1,0
2022,63,Croatia,Morocco,0.04268070837549201,0.44577023548768424,0.29240302455053124,0.26182673996178446,0.4275301288689903,0.26796242279399024,0.3045074483375335,home,home,False,1-0,1-0,False,2-1,1,1,0
2022,64,Argentina,France,0.05026543581503515,0.4124943503748162,0.30048575354043333,0.2870198960847504,0.36222891455954015,0.303292725720276,0.334478359719702,home,home,False,1-0,1-0,False,3-3,0,0,0
