world_cup_year,match_index,model_cumulative_points,actual_leaderboard_rank,competitors_higher_or_equal_count,total_pool_participants
2006,1,1,2,54,64
2006,2,1,12,56,64
2006,3,4,1,8,64
2006,4,4,2,9,64
2006,5,6,4,3,64
2006,6,7,5,5,64
2006,7,8,5,6,64
2006,8,9,6,7,64
2006,9,10,8,14,64
2006,10,11,7,12,64
2006,11,12,7,11,64
2006,12,12,7,13,64
2006,13,12,8,15,64
2006,14,13,13,21,64
2006,15,14,11,20,64
2006,16,14,15,26,64
2006,17,15,16,26,64
2006,18,16,17,22,64
2006,19,19,14,17,64
2006,20,22,8,8,64
2006,21,23,8,7,64
2006,22,25,7,8,64
2006,23,25,7,8,64
2006,24,28,4,5,64
2006,25,29,3,3,64
2006,26,29,3,3,64
2006,27,32,1,2,64
2006,28,32,2,2,64
2006,29,32,2,3,64
2006,30,35,1,1,64
2006,31,36,2,2,64
2006,32,37,1,2,64
2006,33,38,1,2,64
2006,34,41,1,0,64
2006,35,41,1,0,64
2006,36,44,1,0,64
2006,37,44,1,0,64
2006,38,45,1,0,64
2006,39,47,1,1,64
2006,40,47,1,1,64
2006,41,48,1,0,64
2006,42,48,4,3,64
2006,43,49,4,3,64
2006,44,49,4,3,64
2006,45,52,2,3,64
2006,46,53,2,3,64
2006,47,54,2,3,64
2006,48,57,1,0,64
2006,49,59,1,0,64
2006,50,62,1,0,64
2006,51,63,1,0,64
2006,52,63,1,1,64
2006,53,66,1,0,64
2006,54,69,1,0,64
2006,55,70,1,0,64
2006,56,70,1,0,64
2006,57,70,1,0,64
2006,58,71,1,0,64
2006,59,71,1,0,64
2006,60,71,1,0,64
2006,61,71,1,0,64
2006,62,74,1,0,64
2006,63,75,1,0,64
2006,64,76,1,0,64
2010,1,0,4,43,43
2010,2,0,14,43,43
2010,3,0,21,43,43
2010,4,1,21,38,43
2010,5,1,29,38,43
2010,6,4,14,19,43
2010,7,4,19,24,43
2010,8,5,19,23,43
2010,9,8,11,15,43
2010,10,8,11,18,43
2010,11,8,20,25,43
2010,12,8,22,25,43
2010,13,8,22,25,43
2010,14,10,17,22,43
2010,15,13,9,13,43
2010,16,13,9,13,43
2010,17,14,8,11,43
2010,18,14,9,12,43
2010,19,15,8,12,43
2010,20,15,8,12,43
2010,21,15,8,14,43
2010,22,15,8,14,43
2010,23,15,8,14,43
2010,24,15,9,15,43
2010,25,16,8,16,43
2010,26,17,10,11,43
2010,27,18,13,16,43
2010,28,18,13,16,43
2010,29,19,13,16,43
2010,30,20,13,15,43
2010,31,23,8,9,43
2010,32,26,6,6,43
2010,33,26,6,6,43
2010,34,26,6,8,43
2010,35,26,7,8,43
2010,36,29,5,6,43
2010,37,30,5,5,43
2010,38,31,6,5,43
2010,39,32,7,7,43
2010,40,32,7,7,43
2010,41,32,7,7,43
2010,42,34,7,8,43
2010,43,34,7,8,43
2010,44,34,8,8,43
2010,45,34,9,8,43
2010,46,35,9,8,43
2010,47,37,8,8,43
2010,48,37,8,8,43
2010,49,38,10,11,43
2010,50,38,10,12,43
2010,51,38,13,15,43
2010,52,39,13,17,43
2010,53,41,13,14,43
2010,54,41,13,14,43
2010,55,42,10,12,43
2010,56,43,10,11,43
2010,57,43,12,12,43
2010,58,43,13,12,43
2010,59,46,12,12,43
2010,60,47,11,12,43
2010,61,48,12,12,43
2010,62,49,10,12,43
2010,63,50,10,10,43
2010,64,53,5,7,43
2018,1,1,1,56,76
2018,2,2,5,51,76
2018,3,2,17,55,76
2018,4,2,26,58,76
2018,5,4,17,39,76
2018,6,4,17,39,76
2018,7,7,8,10,76
2018,8,10,2,4,76
2018,9,13,1,2,76
2018,10,13,1,2,76
2018,11,13,1,2,76
2018,12,16,1,1,76
2018,13,17,3,3,76
2018,14,19,3,3,76
2018,15,19,3,3,76
2018,16,19,3,3,76
2018,17,20,3,3,76
2018,18,21,3,3,76
2018,19,22,4,4,76
2018,20,23,4,4,76
2018,21,23,4,4,76
2018,22,26,2,2,76
2018,23,26,2,2,76
2018,24,29,2,2,76
2018,25,29,2,2,76
2018,26,29,2,3,76
2018,27,30,2,3,76
2018,28,32,2,4,76
2018,29,35,2,1,76
2018,30,36,2,1,76
2018,31,36,2,1,76
2018,32,37,2,1,76
2018,33,38,2,1,76
2018,34,38,2,1,76
2018,35,38,2,1,76
2018,36,38,2,1,76
2018,37,41,1,0,76
2018,38,41,1,0,76
2018,39,43,1,0,76
2018,40,45,1,0,76
2018,41,45,1,0,76
2018,42,45,1,0,76
2018,43,48,1,0,76
2018,44,48,1,0,76
2018,45,49,1,0,76
2018,46,50,1,0,76
2018,47,50,1,0,76
2018,48,53,1,0,76
2018,49,54,1,0,76
2018,50,54,1,1,76
2018,51,54,2,1,76
2018,52,54,2,1,76
2018,53,57,1,0,76
2018,54,58,1,1,76
2018,55,58,2,1,76
2018,56,58,2,1,76
2018,57,59,2,1,76
2018,58,59,2,1,76
2018,59,62,2,1,76
2018,60,62,2,1,76
2018,61,63,1,1,76
2018,62,63,2,1,76
2018,63,65,2,1,76
2018,64,66,2,1,76
2022,1,3,1,11,85
2022,2,4,1,11,85
2022,3,7,1,2,85
2022,4,7,11,21,85
2022,5,7,11,21,85
2022,6,7,12,21,85
2022,7,7,15,24,85
2022,8,8,15,26,85
2022,9,8,17,27,85
2022,10,8,18,28,85
2022,11,9,16,25,85
2022,12,10,15,24,85
2022,13,11,14,21,85
2022,14,11,16,22,85
2022,15,12,17,25,85
2022,16,15,9,12,85
2022,17,15,9,12,85
2022,18,16,9,14,85
2022,19,16,12,20,85
2022,20,16,12,22,85
2022,21,16,15,25,85
2022,22,19,9,12,85
2022,23,22,6,8,85
2022,24,25,5,5,85
2022,25,25,5,5,85
2022,26,25,5,5,85
2022,27,26,3,4,85
2022,28,26,4,6,85
2022,29,26,5,6,85
2022,30,26,6,8,85
2022,31,27,7,8,85
2022,32,29,5,7,85
2022,33,29,5,7,85
2022,34,32,4,4,85
2022,35,33,4,4,85
2022,36,36,2,3,85
2022,37,36,2,3,85
2022,38,36,2,3,85
2022,39,39,2,1,85
2022,40,41,2,1,85
2022,41,41,2,1,85
2022,42,43,2,1,85
2022,43,43,2,1,85
2022,44,44,2,1,85
2022,45,47,1,0,85
2022,46,47,1,0,85
2022,47,48,1,0,85
2022,48,48,1,0,85
2022,49,49,1,0,85
2022,50,51,1,1,85
2022,51,52,1,1,85
2022,52,53,1,1,85
2022,53,53,1,1,85
2022,54,54,1,1,85
2022,55,54,1,1,85
2022,56,55,1,1,85
2022,57,55,1,1,85
2022,58,55,1,1,85
2022,59,55,1,1,85
2022,60,55,2,1,85
2022,61,56,2,1,85
2022,62,59,1,1,85
2022,63,62,1,0,85
2022,64,62,1,0,85
