home_team,away_team,home_odds,draw_odds,away_odds,ou_line,pred_home,pred_away,prediction,expected_pts,second_best_prediction,second_best_expected_pts,decision_margin,lambda_home,lambda_away,lambda_total,home_win,draw,away_win
Mexico,South Africa,1.413,4.62,8.76,2.25,2,0,2-0,1.0021,2-1,0.9857,0.0164,1.5418,0.8723,2.4142,0.6322,0.2288,0.139
South Korea,Czech Republic,2.67,3.14,2.95,2.25,1,1,1-1,0.5831,2-1,0.5744,0.0088,1.2166,1.3747,2.5914,0.3493,0.2984,0.3523
Canada,Bosnia and Herzegovina,1.819,3.72,4.58,2.25,2,0,2-0,0.8301,2-1,0.8252,0.0048,1.5958,0.9528,2.5486,0.5286,0.2606,0.2107
United States,Paraguay,1.99,3.54,4.01,2.25,2,1,2-1,0.7156,2-0,0.6968,0.0188,1.1847,1.2352,2.42,0.4378,0.279,0.2832
Qatar,Switzerland,12.48,6.84,1.233,2.75,0,2,0-2,1.1286,0-3,1.0979,0.0307,0.7434,2.4865,3.2299,0.0758,0.1458,0.7784
Brazil,Morocco,1.684,3.76,5.63,2.25,2,0,2-0,0.8628,2-1,0.8547,0.0081,1.397,0.9266,2.3237,0.5408,0.2665,0.1927
Haiti,Scotland,6.3,4.35,1.54,2.5,0,2,0-2,0.9775,1-2,0.9523,0.0252,0.7863,2.1279,2.9142,0.1381,0.2131,0.6488
Australia,Turkey,5.2,3.87,1.704,2.5,1,2,1-2,0.8182,0-2,0.7901,0.0281,1.3323,1.4399,2.7722,0.2369,0.2549,0.5081
Germany,Curaçao,1.035,17.0,34.0,4.35,3,0,3-0,1.2606,4-0,1.2539,0.0067,3.8718,0.5831,4.4548,0.9312,0.0504,0.0184
