year,date,home_team,away_team,h_odds_avg,d_odds_avg,a_odds_avg
2026,2026-01-18,Senegal,Marruecos,4.035,2.7617,2.225
2026,2026-01-17,Egipto,Nigeria,3.345,3.155,2.2683
2026,2026-01-14,Nigeria,Marruecos,3.815,2.96,2.1717
2026,2026-01-14,Senegal,Egipto,1.97,3.0283,4.615
2026,2026-01-10,Egipto,Costa de Marfil,3.6083,2.6967,2.425
2026,2026-01-10,Argelia,Nigeria,3.1217,2.9217,2.5333
2026,2026-01-09,Camerún,Marruecos,7.24,4.015,1.4883
2026,2026-01-09,Mali,Senegal,5.7933,3.1183,1.7833
2026,2026-01-06,Costa de Marfil,Burkina Faso,1.994,2.998,4.46
2026,2026-01-06,Argelia,RD Congo,2.12,3.0,3.996
2026,2026-01-05,Nigeria,Mozambique,1.296,5.326,10.42
2026,2026-01-05,Egipto,Benín,1.41,4.126,9.38
2026,2026-01-04,Sudáfrica,Camerún,3.296,2.818,2.49
2026,2026-01-04,Marruecos,Tanzania,1.15,7.334,19.5
2026,2026-01-03,Mali,Túnez,2.574,2.684,3.362
2026,2026-01-03,Senegal,Sudán,1.138,7.54,21.38
2025,2025-12-31,Mozambique,Camerún,8.004,4.296,1.428
2025,2025-12-31,Gabón,Costa de Marfil,5.788,3.822,1.596
2025,2025-12-31,Guinea Ecuatorial,Argelia,8.148,3.974,1.46
2025,2025-12-31,Sudán,Burkina Faso,6.524,3.142,1.71
2025,2025-12-30,Benín,Senegal,12.58,5.816,1.242
2025,2025-12-30,Botsuana,RD Congo,13.18,5.476,1.25
2025,2025-12-30,Uganda,Nigeria,5.324,3.666,1.67
2025,2025-12-30,Tanzania,Túnez,6.696,3.584,1.58
2025,2025-12-29,Comores,Mali,7.104,3.652,1.522
2025,2025-12-29,Zambia,Marruecos,16.46,6.524,1.182
2025,2025-12-29,Angola,Egipto,2.872,2.94,2.674
2025,2025-12-29,Zimbabue,Sudáfrica,5.542,3.514,1.678
2025,2025-12-28,Costa de Marfil,Camerún,2.034,2.828,4.614
2025,2025-12-28,Argelia,Burkina Faso,1.828,3.274,4.816
2025,2025-12-28,Guinea Ecuatorial,Sudán,2.206,2.822,3.97
2025,2025-12-28,Gabón,Mozambique,1.838,3.33,4.638
2025,2025-12-27,Nigeria,Túnez,2.098,2.972,4.026
2025,2025-12-27,Uganda,Tanzania,2.424,2.698,3.618
2025,2025-12-27,Senegal,RD Congo,1.598,3.502,6.734
2025,2025-12-27,Benín,Botsuana,1.868,3.086,5.024
2025,2025-12-26,Marruecos,Mali,1.48,3.898,7.778
2025,2025-12-26,Zambia,Comores,2.214,3.004,3.616
2025,2025-12-26,Egipto,Sudáfrica,1.98,3.062,4.41
2025,2025-12-26,Angola,Zimbabue,1.878,3.126,4.83
2025,2025-12-24,Camerún,Gabón,1.972,3.118,4.308
2025,2025-12-24,Costa de Marfil,Mozambique,1.292,5.01,12.12
2025,2025-12-24,Argelia,Sudán,1.288,5.226,11.04
2025,2025-12-24,Burkina Faso,Guinea Ecuatorial,1.918,3.004,4.878
2025,2025-12-23,Túnez,Uganda,1.706,3.144,6.32
2025,2025-12-23,Nigeria,Tanzania,1.378,4.452,8.848
2025,2025-12-23,Senegal,Botsuana,1.104,8.588,26.2
2025,2025-12-23,RD Congo,Benín,1.626,3.248,7.344
2025,2025-12-22,Egipto,Zimbabue,1.318,4.63,11.74
2025,2025-12-22,Sudáfrica,Angola,2.792,2.648,3.08
2025,2025-12-22,Mali,Zambia,1.762,3.292,5.284
2025,2025-12-21,Marruecos,Comores,1.134,7.624,22.0
2024,2024-02-11,Nigeria,Costa de Marfil,2.804,2.746,2.886
2024,2024-02-10,Sudáfrica,RD Congo,3.204,3.222,2.274
2024,2024-02-07,Costa de Marfil,RD Congo,2.072,2.916,4.116
2024,2024-02-07,Nigeria,Sudáfrica,1.658,3.396,5.89
2024,2024-02-03,Cabo Verde,Sudáfrica,2.974,2.868,2.602
2024,2024-02-03,Mali,Costa de Marfil,3.53,2.848,2.33
2024,2024-02-02,RD Congo,Guinea,2.525,2.7517,3.1983
2024,2024-02-02,Nigeria,Angola,1.4883,3.8533,7.4283
2024,2024-01-30,Marruecos,Sudáfrica,1.51,3.74,7.13
2024,2024-01-30,Mali,Burkina Faso,2.2033,2.7917,3.8283
2024,2024-01-29,Senegal,Costa de Marfil,2.2333,2.985,3.485
2024,2024-01-29,Cabo Verde,Mauritania,2.1167,2.8333,4.075
2024,2024-01-28,Egipto,RD Congo,2.5717,2.785,3.1167
2024,2024-01-28,Guinea Ecuatorial,Guinea,3.595,2.83,2.2817
2024,2024-01-27,Nigeria,Camerún,1.98,3.0317,4.2617
2024,2024-01-27,Angola,Namibia,2.23,2.9,3.6417
2024,2024-01-24,Zambia,Marruecos,6.435,3.81,1.5317
2024,2024-01-24,Tanzania,RD Congo,5.4683,3.8467,1.6017
2024,2024-01-24,Namibia,Mali,6.66,3.63,1.56
2024,2024-01-24,Sudáfrica,Túnez,3.6133,3.2367,2.0583
2024,2024-01-23,Angola,Burkina Faso,3.6717,2.9817,2.17
2024,2024-01-23,Mauritania,Argelia,8.61,4.4017,1.375
2024,2024-01-23,Gambia,Camerún,6.4067,3.8867,1.5217
2024,2024-01-23,Guinea,Senegal,4.8983,3.0317,1.8983
2024,2024-01-22,Cabo Verde,Egipto,6.3083,3.8583,1.5383
2024,2024-01-22,Mozambique,Ghana,6.3033,3.93,1.5267
2024,2024-01-22,Guinea Ecuatorial,Costa de Marfil,9.1183,4.3,1.38
2024,2024-01-22,Guinea-Bisáu,Nigeria,13.6333,6.2417,1.1967
2024,2024-01-21,Sudáfrica,Namibia,2.0683,3.145,3.7517
2024,2024-01-21,Zambia,Tanzania,1.8417,3.2733,4.615
2024,2024-01-21,Marruecos,RD Congo,1.6517,3.4417,5.71
2024,2024-01-20,Túnez,Mali,2.9833,2.8233,2.625
2024,2024-01-20,Mauritania,Angola,3.1817,2.8183,2.4917
2024,2024-01-20,Argelia,Burkina Faso,1.9333,3.0783,4.4217
2024,2024-01-19,Guinea,Gambia,2.0133,3.0483,4.0733
2024,2024-01-19,Senegal,Camerún,1.8317,3.1333,4.9583
2024,2024-01-19,Cabo Verde,Mozambique,2.1017,2.955,3.9767
2024,2024-01-18,Egipto,Ghana,2.18,2.9267,3.7883
2024,2024-01-18,Costa de Marfil,Nigeria,2.1267,3.0183,3.795
2024,2024-01-18,Guinea Ecuatorial,Guinea-Bisáu,2.3817,2.9783,3.205
2024,2024-01-17,RD Congo,Zambia,2.4717,2.9117,3.14
2024,2024-01-17,Marruecos,Tanzania,1.185,5.98,18.1667
2024,2024-01-16,Mali,Sudáfrica,1.7817,3.2217,5.1733
2024,2024-01-16,Túnez,Namibia,1.3933,4.0917,9.3817
2024,2024-01-16,Burkina Faso,Mauritania,1.905,3.07,4.6233
2024,2024-01-15,Argelia,Angola,1.5317,3.67,7.2067
2024,2024-01-15,Camerún,Guinea,2.4033,2.8433,3.3633
2024,2024-01-15,Senegal,Gambia,1.3017,4.7,11.9167
2024,2024-01-14,Ghana,Cabo Verde,1.9367,3.0283,4.5883
2024,2024-01-14,Egipto,Mozambique,1.395,4.2633,8.8683
2024,2024-01-14,Nigeria,Guinea Ecuatorial,1.4617,3.81,8.3017
2024,2024-01-13,Costa de Marfil,Guinea-Bisáu,1.1883,5.9283,16.85
2022,2022-02-06,Senegal,Egipto,2.22,2.7525,4.375
2022,2022-02-05,Burkina Faso,Camerún,4.275,3.475,1.8725
2022,2022-02-03,Camerún,Egipto,2.305,2.755,3.935
2022,2022-02-02,Burkina Faso,Senegal,5.45,2.916,1.896
2022,2022-01-30,Senegal,Guinea Ecuatorial,1.526,3.524,8.32
2022,2022-01-30,Egipto,Marruecos,3.728,2.862,2.272
2022,2022-01-29,Burkina Faso,Túnez,3.814,2.784,2.292
2022,2022-01-29,Gambia,Camerún,8.16,3.412,1.55
2022,2022-01-26,Mali,Guinea Ecuatorial,1.706,3.214,6.05
2022,2022-01-26,Costa de Marfil,Egipto,2.246,2.89,3.76
2022,2022-01-25,Marruecos,Malaui,1.304,4.716,12.3
2022,2022-01-25,Senegal,Cabo Verde,1.588,3.336,7.68
2022,2022-01-24,Camerún,Comores,1.044,12.2,45.4
2022,2022-01-24,Guinea,Gambia,2.488,2.812,3.272
2022,2022-01-23,Nigeria,Túnez,1.796,3.204,5.46
2022,2022-01-23,Burkina Faso,Gabón,2.304,2.796,3.75
2022,2022-01-20,Gambia,Túnez,5.36,3.184,1.774
2022,2022-01-20,Mali,Mauritania,1.26,5.15,13.9
2022,2022-01-20,Costa de Marfil,Argelia,3.008,3.116,2.43
2022,2022-01-20,Sierra Leona,Guinea Ecuatorial,3.636,2.644,2.436
2022,2022-01-19,Egipto,Sudán,1.244,5.67,12.8
2022,2022-01-19,Guinea-Bisáu,Nigeria,5.05,3.5,1.726
2022,2022-01-18,Ghana,Comores,1.284,5.14,11.6
2022,2022-01-18,Gabón,Marruecos,6.51,2.85,1.808
2022,2022-01-18,Zimbabue,Guinea,6.77,3.604,1.566
2022,2022-01-18,Malaui,Senegal,11.8,4.45,1.32
2022,2022-01-17,Burkina Faso,Etiopía,1.562,3.81,6.18
2022,2022-01-17,Cabo Verde,Camerún,6.78,3.468,1.596
2022,2022-01-16,Argelia,Guinea Ecuatorial,1.304,4.838,11.6
2022,2022-01-16,Costa de Marfil,Sierra Leona,1.282,4.79,14.0
2022,2022-01-16,Túnez,Mauritania,1.432,4.06,8.6
2022,2022-01-16,Gambia,Mali,7.18,3.12,1.666
2022,2022-01-15,Guinea-Bisáu,Egipto,7.2,3.888,1.502
2022,2022-01-15,Nigeria,Sudán,1.192,5.74,20.2
2022,2022-01-14,Gabón,Ghana,6.39,3.284,1.698
2022,2022-01-14,Marruecos,Comores,1.274,4.988,14.0
2022,2022-01-14,Malaui,Zimbabue,3.3,2.802,2.482
2022,2022-01-14,Senegal,Guinea,1.96,3.032,4.464
2022,2022-01-13,Cabo Verde,Burkina Faso,3.528,2.594,2.54
2022,2022-01-13,Camerún,Etiopía,1.238,5.19,15.8
2022,2022-01-12,Guinea Ecuatorial,Costa de Marfil,9.48,3.914,1.43
2022,2022-01-12,Mauritania,Gambia,3.46,2.662,2.526
2022,2022-01-12,Túnez,Mali,2.914,2.746,2.852
2022,2022-01-11,Sudán,Guinea-Bisáu,3.456,2.716,2.47
2022,2022-01-11,Nigeria,Egipto,2.978,2.796,2.702
2022,2022-01-11,Argelia,Sierra Leona,1.136,7.28,26.6
2022,2022-01-10,Comores,Gabón,3.618,2.814,2.316
2022,2022-01-10,Marruecos,Ghana,2.39,2.656,3.758
2022,2022-01-10,Guinea,Malaui,1.5,3.766,8.1
2022,2022-01-10,Senegal,Zimbabue,1.276,5.08,12.2
2022,2022-01-09,Etiopía,Cabo Verde,3.956,2.932,2.106
2022,2022-01-09,Camerún,Burkina Faso,1.638,3.472,5.91
2019,2019-07-19,Senegal,Argelia,2.81,2.868,2.918
2019,2019-07-17,Túnez,Nigeria,3.312,3.184,2.246
2019,2019-07-14,Argelia,Nigeria,2.59,2.952,3.04
2019,2019-07-14,Senegal,Túnez,1.882,3.15,4.85
2019,2019-07-11,Madagascar,Túnez,5.19,3.25,1.802
2019,2019-07-11,Costa de Marfil,Argelia,3.636,3.014,2.226
2019,2019-07-10,Nigeria,Sudáfrica,2.124,2.884,4.152
2019,2019-07-10,Senegal,Benín,1.368,4.312,10.67
2019,2019-07-08,Ghana,Túnez,2.412,2.888,3.3
2019,2019-07-08,Mali,Costa de Marfil,3.118,2.85,2.576
2019,2019-07-07,Argelia,Guinea,1.612,3.67,6.04
2019,2019-07-07,Madagascar,RD Congo,3.968,3.056,2.08
2019,2019-07-06,Egipto,Sudáfrica,1.544,3.748,6.96
2019,2019-07-06,Nigeria,Camerún,2.496,2.764,3.364
2019,2019-07-05,Uganda,Senegal,7.84,3.748,1.512
2019,2019-07-05,Marruecos,Benín,1.42,3.986,9.67
2019,2019-07-02,Angola,Mali,3.562,2.36,2.814
2019,2019-07-02,Mauritania,Túnez,10.18,5.0,1.308
2019,2019-07-02,Benín,Camerún,4.77,2.81,2.014
2019,2019-07-02,Guinea-Bisáu,Ghana,8.87,4.446,1.376
2019,2019-07-01,Tanzania,Argelia,9.59,5.02,1.322
2019,2019-07-01,Kenia,Senegal,8.29,2.968,1.654
2019,2019-07-01,Namibia,Costa de Marfil,12.4,4.608,1.306
2019,2019-07-01,Sudáfrica,Marruecos,4.354,2.416,2.388
2019,2019-06-30,Uganda,Egipto,7.61,3.322,1.578
2019,2019-06-30,Zimbabue,RD Congo,3.08,3.292,2.29
2019,2019-06-30,Burundi,Guinea,5.21,3.43,1.722
2019,2019-06-30,Madagascar,Nigeria,6.19,2.77,1.826
2019,2019-06-29,Benín,Guinea-Bisáu,1.64,3.566,5.78
2019,2019-06-29,Camerún,Ghana,3.08,2.896,2.538
2019,2019-06-29,Mauritania,Angola,4.62,3.066,1.926
2019,2019-06-28,Sudáfrica,Namibia,1.68,3.61,5.27
2019,2019-06-28,Marruecos,Costa de Marfil,2.21,2.924,3.696
2019,2019-06-28,Túnez,Mali,2.454,2.916,3.174
2019,2019-06-27,Kenia,Tanzania,2.188,3.006,3.676
2019,2019-06-27,Senegal,Argelia,1.99,3.072,4.224
2019,2019-06-27,Madagascar,Burundi,3.162,2.808,2.552
2019,2019-06-26,Egipto,RD Congo,1.35,4.72,9.11
2019,2019-06-26,Uganda,Zimbabue,2.286,2.788,3.746
2019,2019-06-26,Nigeria,Guinea,2.054,3.12,3.906
2019,2019-06-25,Ghana,Benín,1.66,3.422,6.0
2019,2019-06-25,Camerún,Guinea-Bisáu,1.474,3.786,7.93
2019,2019-06-24,Mali,Mauritania,1.726,3.338,5.39
2019,2019-06-24,Túnez,Angola,1.802,3.348,4.714
2019,2019-06-24,Costa de Marfil,Sudáfrica,1.94,3.09,4.448
2019,2019-06-23,Argelia,Kenia,1.642,3.528,5.93
2019,2019-06-23,Senegal,Tanzania,1.27,4.93,13.9
2019,2019-06-23,Marruecos,Namibia,1.3,4.81,11.5
2019,2019-06-22,Guinea,Madagascar,1.774,3.276,5.27
2019,2019-06-22,Nigeria,Burundi,1.466,3.954,7.69
2019,2019-06-22,RD Congo,Uganda,2.198,2.842,3.812
2019,2019-06-21,Egipto,Zimbabue,1.238,5.59,12.7
2017,2017-02-05,Egipto,Camerún,2.816,2.652,3.154
2017,2017-02-04,Burkina Faso,Ghana,3.05,2.98,2.514
2017,2017-02-02,Camerún,Ghana,3.68,2.72,2.47
2017,2017-02-01,Burkina Faso,Egipto,3.784,2.798,2.34
2017,2017-01-29,Egipto,Marruecos,2.922,2.61,3.04
2017,2017-01-29,RD Congo,Ghana,3.64,2.912,2.298
2017,2017-01-28,Senegal,Camerún,2.018,3.0,4.454
2017,2017-01-28,Burkina Faso,Túnez,4.052,3.06,2.088
2017,2017-01-25,Egipto,Ghana,3.23,1.836,4.636
2017,2017-01-25,Uganda,Mali,7.09,3.58,1.586
2017,2017-01-24,Marruecos,Costa de Marfil,3.38,3.064,2.326
2017,2017-01-24,Togo,RD Congo,3.858,3.348,2.012
2017,2017-01-23,Senegal,Argelia,3.448,3.276,2.166
2017,2017-01-23,Zimbabue,Túnez,6.25,3.792,1.58
2017,2017-01-22,Guinea-Bisáu,Burkina Faso,4.288,3.318,1.894
2017,2017-01-22,Camerún,Gabón,2.966,2.994,2.59
2017,2017-01-21,Egipto,Uganda,1.67,3.364,6.27
2017,2017-01-21,Ghana,Mali,2.224,2.974,3.698
2017,2017-01-20,Marruecos,Togo,1.942,3.044,4.75
2017,2017-01-20,Costa de Marfil,RD Congo,1.742,3.26,5.83
2017,2017-01-19,Senegal,Zimbabue,1.488,4.034,7.37
2017,2017-01-19,Argelia,Túnez,2.304,3.062,3.372
2017,2017-01-18,Camerún,Guinea-Bisáu,1.568,3.524,7.49
2017,2017-01-17,Mali,Egipto,4.31,2.966,2.06
2017,2017-01-17,Ghana,Uganda,1.688,3.246,6.57
2017,2017-01-16,RD Congo,Marruecos,3.496,2.784,2.384
2017,2017-01-16,Costa de Marfil,Togo,1.428,4.24,8.45
2017,2017-01-15,Túnez,Senegal,4.266,3.022,2.026
2017,2017-01-15,Argelia,Zimbabue,1.496,3.95,7.11
2017,2017-01-14,Burkina Faso,Camerún,3.78,2.954,2.204
2017,2017-01-14,Gabón,Guinea-Bisáu,1.392,4.282,9.09
2015,2015-02-08,Costa de Marfil,Ghana,2.498,3.048,3.12
2015,2015-02-07,RD Congo,Guinea Ecuatorial,2.376,3.18,3.1
2015,2015-02-05,Ghana,Guinea Ecuatorial,1.694,3.5,5.83
2015,2015-02-04,RD Congo,Costa de Marfil,6.06,3.58,1.646
2015,2015-02-01,Costa de Marfil,Argelia,2.524,2.944,3.17
2015,2015-02-01,Ghana,Guinea,1.876,3.23,4.846
2015,2015-01-31,Túnez,Guinea Ecuatorial,2.062,2.992,4.266
2015,2015-01-31,Congo,RD Congo,3.1,2.758,2.692
2015,2015-01-28,Camerún,Costa de Marfil,3.32,3.108,2.338
2015,2015-01-28,Guinea,Mali,2.9,2.924,2.75
2015,2015-01-27,Senegal,Argelia,2.93,2.958,2.7
2015,2015-01-27,Sudáfrica,Ghana,4.09,3.19,2.048
2015,2015-01-26,Cabo Verde,Zambia,2.556,3.012,3.05
2015,2015-01-26,RD Congo,Túnez,3.8,3.012,2.19
2015,2015-01-25,Congo,Burkina Faso,3.6,3.064,2.23
2015,2015-01-25,Gabón,Guinea Ecuatorial,2.264,3.014,3.57
2015,2015-01-24,Camerún,Guinea,2.018,3.22,4.08
2015,2015-01-24,Costa de Marfil,Mali,1.812,3.39,4.686
2015,2015-01-23,Sudáfrica,Senegal,4.232,3.22,1.97
2015,2015-01-23,Ghana,Argelia,3.47,3.104,2.266
2015,2015-01-22,Cabo Verde,RD Congo,3.36,3.004,2.36
2015,2015-01-22,Zambia,Túnez,3.85,3.044,2.146
2015,2015-01-21,Gabón,Congo,1.974,3.17,4.26
2015,2015-01-21,Guinea Ecuatorial,Burkina Faso,3.76,3.16,2.122
2015,2015-01-20,Mali,Camerún,4.06,3.19,2.016
2015,2015-01-20,Costa de Marfil,Guinea,1.414,4.366,8.71
2015,2015-01-19,Argelia,Sudáfrica,1.766,3.33,5.28
2015,2015-01-19,Ghana,Senegal,2.656,3.06,2.834
2015,2015-01-18,Túnez,Cabo Verde,2.006,3.096,4.076
2015,2015-01-18,Zambia,RD Congo,2.488,2.91,3.07
2015,2015-01-17,Burkina Faso,Gabón,2.792,2.886,2.75
2015,2015-01-17,Guinea Ecuatorial,Congo,2.394,3.014,3.134
2024,2024-07-14,España,Inglaterra,2.4283,2.87,3.5433
2024,2024-07-10,Países Bajos,Inglaterra,3.1517,2.8117,2.6933
2024,2024-07-09,España,Francia,2.7083,2.8433,3.1183
2024,2024-07-06,Países Bajos,Turquía,1.5983,3.9317,6.0983
2024,2024-07-06,Inglaterra,Suiza,2.205,2.9283,3.95
2024,2024-07-05,Portugal,Francia,3.335,2.995,2.4217
2024,2024-07-05,España,Alemania,2.685,3.085,2.8417
2024,2024-07-02,Austria,Turquía,1.96,3.355,4.195
2024,2024-07-02,Rumanía,Países Bajos,8.0433,4.4617,1.425
2024,2024-07-01,Portugal,Eslovenia,1.365,4.885,9.1533
2024,2024-07-01,Francia,Bélgica,2.0383,3.2567,4.0117
2024,2024-06-30,España,Georgia,1.2067,6.8633,14.6667
2024,2024-06-30,Inglaterra,Eslovaquia,1.4433,4.19,8.63
2024,2024-06-29,Alemania,Dinamarca,1.6317,3.8233,5.7917
2024,2024-06-29,Suiza,Italia,3.2717,2.8367,2.575
2024,2024-06-26,Georgia,Portugal,8.8683,5.0267,1.3633
2024,2024-06-26,República Checa,Turquía,2.5283,3.2717,2.885
2024,2024-06-26,Ucrania,Bélgica,5.6417,4.0467,1.6083
2024,2024-06-26,Eslovaquia,Rumanía,2.905,2.1167,4.235
2024,2024-06-25,Dinamarca,Serbia,2.2967,3.2017,3.3483
2024,2024-06-25,Inglaterra,Eslovenia,1.31,5.2517,10.6667
2024,2024-06-25,Países Bajos,Austria,1.8083,3.52,4.7333
2024,2024-06-25,Francia,Polonia,1.2817,5.7683,10.9667
2024,2024-06-24,Albania,España,8.0817,4.815,1.405
2024,2024-06-24,Croacia,Italia,3.1017,3.0583,2.545
2024,2024-06-23,Suiza,Alemania,6.11,3.9567,1.5867
2024,2024-06-23,Escocia,Hungría,2.3167,3.88,2.8
2024,2024-06-22,Bélgica,Rumanía,1.375,5.0,8.3783
2024,2024-06-22,Turquía,Portugal,5.81,4.11,1.5933
2024,2024-06-22,Georgia,República Checa,4.4583,3.8533,1.7783
2024,2024-06-21,Países Bajos,Francia,3.0983,3.1367,2.4683
2024,2024-06-21,Polonia,Austria,3.8983,3.3383,2.0317
2024,2024-06-21,Eslovaquia,Ucrania,3.28,3.2717,2.2833
2024,2024-06-20,España,Italia,2.1867,3.075,3.735
2024,2024-06-20,Dinamarca,Inglaterra,5.32,3.48,1.7533
2024,2024-06-20,Eslovenia,Serbia,5.3267,3.73,1.695
2024,2024-06-19,Escocia,Suiza,4.32,3.31,1.9567
2024,2024-06-19,Alemania,Hungría,1.2617,6.245,10.8833
2024,2024-06-19,Croacia,Albania,1.4483,4.3883,7.905
2024,2024-06-18,Portugal,República Checa,1.4983,4.3783,6.5817
2024,2024-06-18,Turquía,Georgia,1.63,3.905,5.6167
2024,2024-06-17,Austria,Francia,5.935,4.1933,1.56
2024,2024-06-17,Bélgica,Eslovaquia,1.5017,4.3033,6.6633
2024,2024-06-17,Rumanía,Ucrania,4.5933,3.5033,1.8467
2024,2024-06-16,Serbia,Inglaterra,6.7217,4.3183,1.5
2024,2024-06-16,Eslovenia,Dinamarca,5.77,3.6117,1.6867
2024,2024-06-16,Polonia,Países Bajos,6.5833,4.3167,1.5067
2024,2024-06-15,Italia,Albania,1.3533,4.7967,10.45
2024,2024-06-15,España,Croacia,1.9067,3.4317,4.3
2024,2024-06-15,Hungría,Suiza,3.8533,3.1333,2.1317
2024,2024-06-14,Alemania,Escocia,1.2867,5.76,10.6167
2021,2021-07-11,Italia,Inglaterra,3.4117,2.9083,2.4833
2021,2021-07-07,Inglaterra,Dinamarca,1.7517,3.4417,5.6067
2021,2021-07-06,Italia,España,2.5017,3.14,3.11
2021,2021-07-03,Ucrania,Inglaterra,7.6367,3.995,1.5083
2021,2021-07-03,República Checa,Dinamarca,4.0383,3.0833,2.1067
2021,2021-07-02,Bélgica,Italia,3.315,3.185,2.3283
2021,2021-07-02,Suiza,España,5.7983,3.845,1.6383
2021,2021-06-29,Suecia,Ucrania,2.3333,3.1683,3.345
2021,2021-06-28,Francia,Suiza,1.645,3.765,5.9417
2021,2021-06-28,Croacia,España,6.48,3.86,1.5883
2021,2021-06-27,Bélgica,Portugal,2.42,3.295,3.0683
2021,2021-06-27,Países Bajos,República Checa,1.5817,3.9983,6.0817
2021,2021-06-26,Italia,Austria,1.5617,3.8483,7.1533
2021,2021-06-26,Gales,Dinamarca,4.6167,3.105,1.97
2021,2021-06-23,Alemania,Hungría,1.1386,9.1214,20.0286
2021,2021-06-23,Portugal,Francia,4.0186,3.4071,2.0086
2021,2021-06-23,Eslovaquia,España,16.5429,6.9557,1.1886
2021,2021-06-23,Suecia,Polonia,2.9114,3.4,2.4886
2021,2021-06-22,Croacia,Escocia,2.3371,3.8214,2.8957
2021,2021-06-22,República Checa,Inglaterra,7.6857,4.2343,1.4757
2021,2021-06-21,Finlandia,Bélgica,9.5771,4.8657,1.3686
2021,2021-06-21,Rusia,Dinamarca,5.3157,4.09,1.6529
2021,2021-06-21,Ucrania,Austria,3.5814,2.3086,3.1029
2021,2021-06-21,Macedonia del Norte,Países Bajos,13.2429,6.6371,1.22
2021,2021-06-20,Italia,Gales,1.4814,4.0357,8.2257
2021,2021-06-20,Suiza,Turquía,1.7329,4.2614,4.7771
2021,2021-06-19,España,Polonia,1.3329,5.3443,10.0071
2021,2021-06-19,Portugal,Alemania,3.34,3.4229,2.2214
2021,2021-06-19,Hungría,Francia,12.2571,5.3786,1.2971
2021,2021-06-18,Croacia,República Checa,2.1643,3.2843,3.6071
2021,2021-06-18,Suecia,Eslovaquia,1.88,3.2957,4.77
2021,2021-06-17,Países Bajos,Austria,1.6043,3.9914,6.01
2021,2021-06-17,Dinamarca,Bélgica,4.3157,3.3543,1.9586
2021,2021-06-17,Ucrania,Macedonia del Norte,1.79,3.6329,4.8529
2021,2021-06-16,Italia,Suiza,1.6871,3.59,5.72
2021,2021-06-16,Turquía,Gales,2.7271,3.0614,2.8471
2021,2021-06-16,Finlandia,Rusia,6.3786,3.91,1.5857
2021,2021-06-15,Francia,Alemania,2.7857,3.2986,2.6257
2021,2021-06-15,Hungría,Portugal,8.2214,4.4029,1.4514
2021,2021-06-14,España,Suecia,1.3614,4.9043,9.8143
2021,2021-06-14,Polonia,Eslovaquia,1.7443,3.4286,5.6871
2021,2021-06-14,Escocia,República Checa,2.8729,2.98,2.7829
2021,2021-06-13,Países Bajos,Ucrania,1.5214,4.3686,6.4457
2021,2021-06-13,Austria,Macedonia del Norte,1.7229,3.5829,5.5229
2021,2021-06-13,Inglaterra,Croacia,1.5729,4.0243,6.54
2021,2021-06-12,Bélgica,Rusia,1.9814,3.41,4.2786
2021,2021-06-12,Dinamarca,Finlandia,1.36,4.7186,11.0357
2021,2021-06-12,Gales,Suiza,4.5686,3.1557,1.9843
2016,2016-07-10,Portugal,Francia,4.33,3.06,2.142
2016,2016-07-07,Alemania,Francia,2.982,2.962,2.826
2016,2016-07-06,Portugal,Gales,2.16,3.104,4.13
2016,2016-07-03,Francia,Islandia,1.424,4.896,8.3
2016,2016-07-02,Alemania,Italia,2.298,3.0,3.874
2016,2016-07-01,Gales,Bélgica,4.92,3.332,1.91
2016,2016-06-30,Polonia,Portugal,3.744,2.926,2.39
2016,2016-06-27,Inglaterra,Islandia,1.458,4.264,9.3
2016,2016-06-27,Italia,España,4.574,2.92,2.146
2016,2016-06-26,Hungría,Bélgica,6.97,3.584,1.648
2016,2016-06-26,Alemania,Eslovaquia,1.432,4.174,10.9
2016,2016-06-26,Francia,Irlanda,1.536,3.734,9.19
2016,2016-06-25,Croacia,Portugal,2.848,3.014,2.894
2016,2016-06-25,Gales,Irlanda del Norte,2.042,2.966,4.99
2016,2016-06-25,Suiza,Polonia,3.05,2.856,2.864
2016,2016-06-22,Suecia,Bélgica,5.03,3.38,1.898
2016,2016-06-22,Italia,Irlanda,2.3,3.128,3.722
2016,2016-06-22,Islandia,Austria,3.628,3.176,2.276
2016,2016-06-22,Hungría,Portugal,9.42,4.014,1.486
2016,2016-06-21,Croacia,España,5.26,3.04,1.962
2016,2016-06-21,República Checa,Turquía,2.366,3.536,3.086
2016,2016-06-21,Irlanda del Norte,Alemania,13.6,4.802,1.34
2016,2016-06-21,Ucrania,Polonia,4.61,3.174,2.01
2016,2016-06-20,Eslovaquia,Inglaterra,5.7,3.192,1.868
2016,2016-06-20,Rusia,Gales,2.65,3.066,3.1
2016,2016-06-18,Portugal,Austria,1.742,3.678,5.49
2021,2021-06-18,Inglaterra,Escocia,1.3243,5.2214,10.5286
2021,2021-06-11,Turquía,Italia,8.2786,4.37,1.4457
2016,2016-06-19,Rumanía,Albania,2.082,3.472,3.866
2016,2016-06-18,Islandia,Hungría,2.672,2.992,3.104
2016,2016-06-18,Bélgica,Irlanda,1.898,3.328,5.09
2016,2016-06-17,España,Turquía,1.488,4.098,8.84
2016,2016-06-17,República Checa,Croacia,4.49,3.09,2.07
2017,2017-01-18,Gabón,Burkina Faso,2.084,2.996,4.156
2021,2021-06-29,Inglaterra,Alemania,2.415,3.3,3.0283
2016,2016-06-19,Suiza,Francia,5.72,2.954,1.94
2016,2016-06-17,Italia,Suecia,2.024,3.096,4.846
2016,2016-06-16,Alemania,Polonia,1.616,4.008,6.36
2016,2016-06-16,Ucrania,Irlanda del Norte,1.776,3.336,6.08
2016,2016-06-16,Inglaterra,Gales,1.7,3.676,6.02
2016,2016-06-15,Francia,Albania,1.254,5.89,16.6
2016,2016-06-15,Rumanía,Suiza,3.484,3.06,2.41
2016,2016-06-15,Rusia,Eslovaquia,2.404,3.14,3.38
2016,2016-06-14,Portugal,Islandia,1.418,4.63,9.42
2016,2016-06-14,Austria,Hungría,1.706,3.604,6.1
2016,2016-06-13,Bélgica,Italia,2.722,2.992,3.076
2016,2016-06-13,Irlanda,Suecia,3.766,3.046,2.296
2016,2016-06-13,España,República Checa,1.444,4.448,8.95
2016,2016-06-12,Alemania,Ucrania,1.524,4.256,7.29
2016,2016-06-12,Polonia,Irlanda del Norte,1.78,3.374,5.88
2016,2016-06-12,Turquía,Croacia,4.18,3.34,2.042
2016,2016-06-11,Inglaterra,Rusia,1.788,3.464,5.53
2016,2016-06-11,Gales,Eslovaquia,3.044,2.93,2.758
2016,2016-06-11,Albania,Suiza,5.13,3.188,1.924
2016,2016-06-10,Francia,Rumanía,1.374,4.79,10.7
2012,2012-07-01,España,Italia,2.1375,3.0875,3.9
2012,2012-06-28,Alemania,Italia,1.905,3.3125,4.5625
2012,2012-06-27,Portugal,España,4.4725,3.2375,1.9475
2012,2012-06-24,Inglaterra,Italia,2.87,2.9075,2.795
2012,2012-06-23,España,Francia,1.8775,3.325,4.6875
2012,2012-06-22,Alemania,Grecia,1.315,5.25,10.125
2012,2012-06-21,República Checa,Portugal,5.775,3.4875,1.68
2012,2012-06-19,Suecia,Francia,5.0,3.6875,1.715
2012,2012-06-19,Inglaterra,Ucrania,1.9925,3.275,4.1125
2012,2012-06-18,Croacia,España,9.875,3.7125,1.4725
2012,2012-06-18,Italia,Irlanda,1.4,4.55,8.61
2012,2012-06-17,Dinamarca,Alemania,6.7125,3.7,1.565
2012,2012-06-17,Portugal,Países Bajos,2.6825,3.5125,2.4875
2012,2012-06-16,Grecia,Rusia,4.8875,3.525,1.75
2012,2012-06-16,República Checa,Polonia,3.275,3.2875,2.265
2012,2012-06-15,Suecia,Inglaterra,3.275,3.15,2.3375
2012,2012-06-15,Ucrania,Francia,3.8975,3.1375,2.1
2012,2012-06-14,España,Irlanda,1.2375,6.0125,13.375
2012,2012-06-14,Italia,Croacia,2.4325,3.075,3.175
2012,2012-06-13,Países Bajos,Alemania,2.925,3.1875,2.4975
2012,2012-06-13,Dinamarca,Portugal,4.4625,3.425,1.8575
2012,2012-06-12,Polonia,Rusia,3.3,3.2375,2.2575
2012,2012-06-12,Grecia,República Checa,3.325,3.1375,2.31
2012,2012-06-11,Ucrania,Suecia,2.6375,3.1625,2.8125
2012,2012-06-11,Francia,Inglaterra,2.4875,2.9625,3.3
2012,2012-06-10,Irlanda,Croacia,4.05,3.1375,2.04
2012,2012-06-10,España,Italia,1.7625,3.375,5.1875
2012,2012-06-09,Alemania,Portugal,2.1075,3.2375,3.65
2012,2012-06-09,Países Bajos,Dinamarca,1.7325,3.475,5.35
2012,2012-06-08,Rusia,República Checa,2.45,3.05,3.1375
2012,2012-06-08,Polonia,Grecia,2.07,3.1,4.0875
2008,2008-06-29,Alemania,España,3.4,3.125,2.235
2008,2008-06-26,Rusia,España,3.5375,3.3625,2.045
2008,2008-06-25,Alemania,Turquía,1.4325,4.175,7.8125
2008,2008-06-22,España,Italia,2.4625,3.025,3.0125
2008,2008-06-21,Países Bajos,Rusia,1.625,3.9,5.1625
2008,2008-06-20,Croacia,Turquía,1.78,3.3625,4.7725
2008,2008-06-19,Portugal,Alemania,2.2875,3.0625,3.2875
2008,2008-06-18,Grecia,España,5.21,3.65,1.655
2008,2008-06-18,Rusia,Suecia,2.6625,3.25,2.6125
2008,2008-06-17,Francia,Italia,2.725,3.6625,2.3475
2008,2008-06-15,Turquía,República Checa,3.3375,3.025,2.28
2008,2008-06-13,Italia,Rumanía,1.6625,3.45,5.7625
2008,2008-06-12,Austria,Polonia,3.2125,3.2625,2.225
2008,2008-06-11,Suiza,Turquía,2.235,3.275,3.1625
2008,2008-06-11,República Checa,Portugal,5.0225,3.225,1.7825
2008,2008-06-10,Grecia,Suecia,3.0375,2.975,2.4875
2008,2008-06-10,España,Rusia,1.6775,3.4875,5.4
2008,2008-06-09,Rumanía,Francia,5.1375,3.2,1.79
2008,2008-06-08,Alemania,Polonia,1.515,3.75,7.1125
2008,2008-06-07,Portugal,Turquía,1.685,3.4,5.5125
2008,2008-06-07,Suiza,República Checa,2.7375,3.025,2.6875
2024,2024-07-14,Argentina,Colombia,2.1083,2.8867,4.355
2024,2024-07-13,Canadá,Uruguay,6.6867,4.77,1.4467
2024,2024-07-10,Uruguay,Colombia,2.725,2.74,3.1267
2024,2024-07-09,Argentina,Canadá,1.33,5.0567,10.0
2024,2024-07-06,Uruguay,Brasil,3.06,2.83,2.6833
2024,2024-07-06,Colombia,Panamá,1.305,5.3417,10.55
2024,2024-07-05,Venezuela,Canadá,2.7317,2.9133,2.9333
2024,2024-07-04,Argentina,Ecuador,1.4383,4.0667,9.4833
2024,2024-07-02,Brasil,Colombia,1.9867,3.2133,4.2167
2024,2024-07-02,Costa Rica,Paraguay,4.5933,3.4633,1.8317
2024,2024-07-01,Bolivia,Panamá,6.4833,3.9983,1.5483
2024,2024-07-01,EE. UU.,Uruguay,2.9983,3.1583,2.4983
2024,2024-06-30,México,Ecuador,2.8583,3.065,2.6483
2024,2024-06-30,Jamaica,Venezuela,4.4767,3.3,1.9
2024,2024-06-29,Argentina,Perú,1.5517,3.7683,7.1383
2024,2024-06-29,Canadá,Chile,3.005,3.2517,2.4283
2024,2024-06-28,Paraguay,Brasil,10.7,5.2083,1.3067
2024,2024-06-28,Colombia,Costa Rica,1.31,5.3917,10.2833
2024,2024-06-27,Uruguay,Bolivia,1.1617,7.4967,18.6667
2024,2024-06-27,Panamá,EE. UU.,9.0483,4.7683,1.3633
2024,2024-06-26,Venezuela,México,3.8983,3.16,2.0833
2024,2024-06-26,Ecuador,Jamaica,1.5083,3.9867,7.3933
2024,2024-06-25,Chile,Argentina,7.8133,4.1417,1.4667
2024,2024-06-25,Perú,Canadá,3.4917,3.2017,2.2267
2024,2024-06-24,Brasil,Costa Rica,1.08,11.5333,29.8333
2024,2024-06-24,Colombia,Paraguay,1.6417,3.5867,6.1767
2024,2024-06-23,Uruguay,Panamá,1.23,5.985,14.1667
2024,2024-06-23,EE. UU.,Bolivia,1.19,6.94,16.0
2024,2024-06-22,México,Jamaica,1.4617,4.4883,6.91
2024,2024-06-22,Ecuador,Venezuela,2.0467,2.9367,4.4567
2024,2024-06-21,Perú,Chile,4.2483,3.0967,2.0367
2024,2024-06-20,Argentina,Canadá,1.3133,5.435,9.65
2021,2021-07-10,Argentina,Brasil,3.9533,3.1167,2.11
2021,2021-07-09,Colombia,Perú,1.81,3.5983,4.5667
2021,2021-07-06,Argentina,Colombia,1.865,3.2417,4.8883
2021,2021-07-05,Brasil,Perú,1.2033,6.4633,15.2
2021,2021-07-03,Argentina,Ecuador,1.5483,3.79,7.375
2021,2021-07-03,Uruguay,Colombia,2.2767,3.0233,3.62
2021,2021-07-02,Brasil,Chile,1.295,5.1283,12.3
2021,2021-07-02,Perú,Paraguay,2.8433,2.7517,2.965
2021,2021-06-28,Bolivia,Argentina,22.8333,8.5583,1.1267
2021,2021-06-28,Uruguay,Paraguay,1.8529,3.1743,5.1357
2021,2021-06-27,Brasil,Ecuador,1.405,4.3883,8.8583
2021,2021-06-27,Venezuela,Perú,3.7133,2.905,2.27
2021,2021-06-24,Chile,Paraguay,2.4883,2.905,3.2567
2021,2021-06-24,Bolivia,Uruguay,16.1667,6.4833,1.195
2021,2021-06-23,Brasil,Colombia,1.4517,4.2483,8.225
2021,2021-06-23,Ecuador,Perú,2.3517,3.105,3.2983
2021,2021-06-21,Argentina,Paraguay,1.5267,3.7833,7.8
2021,2021-06-21,Uruguay,Chile,2.3167,2.9283,3.705
2021,2021-06-20,Colombia,Perú,1.7333,3.3483,5.7417
2021,2021-06-20,Venezuela,Ecuador,6.425,3.7683,1.5917
2021,2021-06-18,Argentina,Uruguay,1.93,3.3357,4.2186
2021,2021-06-18,Chile,Bolivia,1.32,5.3214,9.7571
2021,2021-06-17,Brasil,Perú,1.23,6.6057,13.3571
2021,2021-06-17,Colombia,Venezuela,1.3871,4.5243,9.4643
2021,2021-06-14,Paraguay,Bolivia,1.5386,3.9214,6.9986
2021,2021-06-14,Argentina,Chile,1.6514,3.6514,5.9971
2021,2021-06-13,Colombia,Ecuador,2.0371,3.2457,4.0886
2021,2021-06-13,Brasil,Venezuela,1.1014,9.8857,34.2857
2019,2019-07-07,Brasil,Perú,1.2833,5.8667,10.9667
2019,2019-07-06,Argentina,Chile,1.94,3.5683,3.995
2019,2019-07-03,Chile,Perú,1.7917,3.4733,5.0417
2019,2019-07-02,Brasil,Argentina,1.785,3.4817,5.0667
2019,2019-06-29,Uruguay,Perú,1.745,3.54,5.1583
2019,2019-06-28,Colombia,Chile,2.1183,3.5,3.5183
2019,2019-06-28,Venezuela,Argentina,7.6833,4.2733,1.4617
2019,2019-06-27,Brasil,Paraguay,1.1883,6.8,17.3333
2019,2019-06-24,Chile,Uruguay,3.344,3.374,2.196
2019,2019-06-24,Ecuador,Japón,1.85,4.184,3.706
2019,2019-06-23,Catar,Argentina,16.5,7.06,1.182
2019,2019-06-23,Colombia,Paraguay,2.358,3.3,3.116
2019,2019-06-22,Bolivia,Venezuela,5.5,4.118,1.604
2019,2019-06-21,Ecuador,Chile,4.542,3.762,1.78
2019,2019-06-20,Uruguay,Japón,1.244,6.17,12.8
2019,2019-06-19,Argentina,Paraguay,1.464,4.236,7.66
2019,2019-06-19,Colombia,Catar,1.33,4.95,10.2
2019,2019-06-18,Brasil,Venezuela,1.134,7.84,21.8
2019,2019-06-18,Bolivia,Perú,8.21,4.32,1.426
2019,2019-06-17,Japón,Chile,7.88,4.678,1.416
2019,2019-06-16,Uruguay,Ecuador,1.814,3.38,5.06
2019,2019-06-16,Paraguay,Catar,1.936,3.332,4.304
2019,2019-06-15,Argentina,Colombia,1.966,3.192,3.996
2019,2019-06-15,Venezuela,Perú,3.964,3.118,2.108
2019,2019-06-14,Brasil,Bolivia,1.044,13.9,54.0
2016,2016-06-26,Argentina,Chile,1.784,3.592,5.18
2016,2016-06-25,EE. UU.,Colombia,3.344,3.524,2.182
2016,2016-06-22,Colombia,Chile,3.09,3.216,2.472
2016,2016-06-21,EE. UU.,Argentina,8.51,4.586,1.42
2016,2016-06-18,México,Chile,2.576,3.006,3.08
2016,2016-06-18,Argentina,Venezuela,1.22,6.27,16.7
2016,2016-06-17,Perú,Colombia,6.36,3.738,1.622
2016,2016-06-16,EE. UU.,Ecuador,2.916,3.044,2.702
2016,2016-06-14,Argentina,Bolivia,1.188,7.14,17.2
2016,2016-06-14,Chile,Panamá,1.326,5.17,10.5
2016,2016-06-13,Uruguay,Jamaica,1.488,4.484,6.86
2016,2016-06-13,México,Venezuela,1.676,3.704,5.75
2016,2016-06-12,Brasil,Perú,1.402,4.78,8.36
2016,2016-06-12,Ecuador,Haití,1.1,10.5,28.8
2016,2016-06-11,Colombia,Costa Rica,1.638,3.85,5.77
2016,2016-06-11,EE. UU.,Paraguay,1.974,3.464,4.024
2016,2016-06-10,Argentina,Panamá,1.288,5.83,11.1
2016,2016-06-10,Chile,Bolivia,1.168,7.8,18.9
2016,2016-06-09,México,Jamaica,1.28,5.84,11.7
2016,2016-06-09,Uruguay,Venezuela,1.624,3.934,5.99
2016,2016-06-08,Ecuador,Perú,1.78,3.508,5.19
2016,2016-06-08,Brasil,Haití,1.102,10.15,30.4
2016,2016-06-07,Colombia,Paraguay,1.884,3.302,4.83
2016,2016-06-07,EE. UU.,Costa Rica,1.836,3.452,4.794
2016,2016-06-06,Argentina,Chile,2.224,3.108,3.712
2016,2016-06-06,Panamá,Bolivia,2.048,3.04,4.448
2016,2016-06-05,México,Uruguay,2.476,2.994,3.28
2016,2016-06-05,Jamaica,Venezuela,4.372,3.344,1.948
2016,2016-06-04,Brasil,Ecuador,1.938,3.464,4.232
2016,2016-06-04,Haití,Perú,6.63,3.752,1.592
2016,2016-06-04,Costa Rica,Paraguay,3.654,3.006,2.326
2016,2016-06-03,EE. UU.,Colombia,3.188,3.144,2.456
2015,2015-07-04,Chile,Argentina,3.42,3.31,2.284
2015,2015-07-03,Perú,Paraguay,2.61,3.44,2.712
2015,2015-06-29,Chile,Perú,1.438,4.446,8.28
2015,2015-06-27,Brasil,Paraguay,1.608,3.82,6.41
2015,2015-06-26,Argentina,Colombia,1.812,3.4,5.14
2015,2015-06-25,Bolivia,Perú,5.15,3.26,1.852
2015,2015-06-24,Chile,Uruguay,1.74,3.63,5.36
2015,2015-06-21,Brasil,Venezuela,1.564,3.79,7.05
2015,2015-06-21,Colombia,Perú,1.636,3.66,6.28
2015,2015-06-20,Argentina,Jamaica,1.126,8.74,24.6
2015,2015-06-20,Uruguay,Paraguay,2.31,2.94,3.68
2015,2015-06-19,Chile,Bolivia,1.278,5.59,12.6
2015,2015-06-19,México,Ecuador,2.45,3.66,2.744
2015,2015-06-18,Perú,Venezuela,2.742,3.21,2.692
2015,2015-06-17,Brasil,Colombia,2.014,3.4,3.9
2015,2015-06-16,Argentina,Uruguay,1.574,3.91,6.41
2015,2015-06-16,Paraguay,Jamaica,1.726,3.56,5.33
2015,2015-06-15,Chile,México,1.586,3.75,6.82
2015,2015-06-15,Ecuador,Bolivia,1.528,4.07,6.96
2015,2015-06-14,Brasil,Perú,1.358,4.77,9.4
2015,2015-06-13,Argentina,Paraguay,1.334,4.92,9.98
2015,2015-06-13,Uruguay,Jamaica,1.346,4.75,10.19
2015,2015-06-12,México,Bolivia,1.596,3.82,6.18
2015,2015-06-11,Chile,Ecuador,1.552,3.91,6.61
2011,2011-07-24,Uruguay,Paraguay,2.1225,3.0625,3.7875
2011,2011-07-23,Perú,Venezuela,2.975,3.2125,2.39
2011,2011-07-20,Paraguay,Venezuela,1.975,3.2,4.12
2011,2011-07-19,Perú,Uruguay,4.825,3.175,1.86
2011,2011-07-17,Chile,Venezuela,1.615,3.6125,5.975
2011,2011-07-17,Brasil,Paraguay,1.635,3.6,5.7875
2011,2011-07-16,Argentina,Uruguay,1.5775,3.725,6.175
2011,2011-07-16,Colombia,Perú,1.9025,3.2125,4.4125
2011,2011-07-13,Brasil,Ecuador,1.2625,5.2375,11.0
2011,2011-07-13,Paraguay,Venezuela,1.65,3.4125,5.5875
2011,2011-07-12,Uruguay,México,1.395,4.1825,8.5
2011,2011-07-12,Chile,Perú,1.5875,3.55,6.175
2011,2011-07-11,Argentina,Costa Rica,1.135,6.8875,16.25
2011,2011-07-10,Colombia,Bolivia,1.5975,3.5,5.825
2011,2011-07-09,Venezuela,Ecuador,3.075,3.225,2.245
2011,2011-07-09,Brasil,Paraguay,1.5675,3.5375,6.375
2011,2011-07-08,Perú,México,2.3825,3.175,2.9075
2011,2011-07-08,Uruguay,Chile,2.65,3.1875,2.5875
2011,2011-07-07,Bolivia,Costa Rica,2.0275,3.25,3.6625
2011,2011-07-06,Argentina,Colombia,1.3975,4.175,8.5
2011,2011-07-04,Chile,México,1.5875,3.6,5.5625
2011,2011-07-04,Uruguay,Perú,1.4675,3.875,7.625
2011,2011-07-03,Paraguay,Ecuador,1.985,3.225,3.9075
2011,2011-07-03,Brasil,Venezuela,1.1425,6.925,18.0
2011,2011-07-02,Colombia,Costa Rica,1.3475,4.4975,9.5
2011,2011-07-01,Argentina,Bolivia,1.0775,9.5,27.5
2025,2025-07-06,EE. UU.,México,3.228,2.806,2.496
2025,2025-07-02,México,Honduras,1.376,4.456,8.056
2025,2025-07-02,EE. UU.,Guatemala,1.238,5.726,11.02
2025,2025-06-29,EE. UU.,Costa Rica,1.5675,3.6375,6.34
2025,2025-06-29,Canadá,Guatemala,1.2125,5.885,12.775
2025,2025-06-28,México,Arabia Saudí,1.515,3.87,6.4575
2025,2025-06-28,Panamá,Honduras,1.885,3.38,4.1325
2025,2025-06-24,Canadá,El Salvador,1.2075,5.9125,13.45
2025,2025-06-24,Honduras,Curazao,2.2,3.1025,3.3875
2025,2025-06-24,Guadalupe,Guatemala,4.1525,3.79,1.7475
2025,2025-06-24,Panamá,Jamaica,2.3225,3.0525,3.1975
2025,2025-06-22,México,Costa Rica,1.6675,3.595,5.13
2025,2025-06-22,República Dominicana,Surinam,2.6275,3.5775,2.4325
2025,2025-06-22,Arabia Saudí,Trinidad y Tobago,1.2025,6.5475,11.975
2025,2025-06-22,EE. UU.,Haití,1.4675,4.5075,5.76
2025,2025-06-21,Honduras,El Salvador,1.655,3.4075,5.705
2025,2025-06-21,Curazao,Canadá,12.375,6.2575,1.2075
2025,2025-06-20,Guatemala,Panamá,5.2825,3.9425,1.5825
2025,2025-06-20,Jamaica,Guadalupe,1.51,4.09,5.835
2025,2025-06-19,Arabia Saudí,EE. UU.,5.58,3.9825,1.5625
2025,2025-06-19,Trinidad y Tobago,Haití,9.175,6.335,1.25
2025,2025-06-18,Surinam,México,14.275,6.89,1.1725
2025,2025-06-18,Costa Rica,República Dominicana,1.42,4.7125,6.3525
2025,2025-06-17,Canadá,Honduras,1.384,4.67,7.252
2025,2025-06-17,Curazao,El Salvador,1.978,3.364,3.654
2025,2025-06-16,Jamaica,Guatemala,1.51,3.978,6.144
2025,2025-06-16,Panamá,Guadalupe,1.626,3.892,4.956
2025,2025-06-15,Costa Rica,Surinam,1.488,3.928,6.922
2025,2025-06-15,Haití,Arabia Saudí,4.0325,3.64,1.7975
2025,2025-06-15,EE. UU.,Trinidad y Tobago,1.062,11.38,24.8
2025,2025-06-14,México,República Dominicana,1.142,7.264,16.74
2023,2023-07-16,México,Panamá,1.608,3.542,5.946
2023,2023-07-12,Jamaica,México,4.042,3.086,1.994
2023,2023-07-12,EE. UU.,Panamá,1.722,3.5,4.758
2023,2023-07-09,EE. UU.,Canadá,1.6,3.76,5.54
2023,2023-07-09,Guatemala,Jamaica,4.85,3.34,1.774
2023,2023-07-08,México,Costa Rica,1.308,4.804,10.04
2023,2023-07-08,Panamá,Catar,1.682,3.472,5.134
2023,2023-07-04,Costa Rica,Martinica,1.628,3.83,4.966
2023,2023-07-04,Panamá,El Salvador,1.904,3.36,3.88
2023,2023-07-04,Canadá,Cuba,1.056,11.44,27.6
2023,2023-07-04,Guadalupe,Guatemala,3.806,3.298,1.98
2023,2023-07-02,México,Catar,1.328,4.882,8.384
2023,2023-07-02,Honduras,Haití,3.086,3.268,2.254
2023,2023-07-02,Jamaica,Saint Kitts y Nevis,1.014,17.7,50.8
2023,2023-07-02,EE. UU.,Trinidad y Tobago,1.086,9.19,21.2
2023,2023-07-01,Guatemala,Canadá,5.766,3.88,1.546
2023,2023-07-01,Cuba,Guadalupe,4.162,3.18,1.918
2023,2023-06-30,El Salvador,Costa Rica,3.496,3.032,2.168
2023,2023-06-30,Martinica,Panamá,10.14,5.736,1.244
2023,2023-06-29,Haití,México,9.284,5.528,1.268
2023,2023-06-29,Catar,Honduras,2.75,3.01,2.628
2019,2019-07-07,México,EE. UU.,2.386,3.046,3.13
2019,2019-07-03,Jamaica,EE. UU.,5.94,3.584,1.602
2019,2019-07-02,Haití,México,9.76,5.09,1.296
2019,2019-06-30,EE. UU.,Curazao,1.13,7.58,20.6
2019,2019-06-30,Jamaica,Panamá,3.036,2.812,2.608
2019,2019-06-29,México,Costa Rica,1.506,3.904,6.96
2019,2019-06-29,Haití,Canadá,5.31,3.624,1.648
2019,2019-06-26,Panamá,EE. UU.,5.95,3.936,1.526
2019,2019-06-26,Trinidad y Tobago,Guyana,1.748,3.774,4.21
2019,2019-06-25,Honduras,El Salvador,2.35,3.058,3.064
2019,2019-06-25,Jamaica,Curazao,1.91,3.22,4.21
2019,2019-06-24,Haití,Costa Rica,6.01,3.598,1.574
2019,2019-06-24,Bermudas,Nicaragua,2.1,3.338,3.272
2017,2017-07-26,EE. UU.,Jamaica,1.516,3.802,7.76
2017,2017-07-23,México,Jamaica,1.568,3.704,6.75
2017,2017-07-22,Costa Rica,EE. UU.,5.28,3.308,1.762
2017,2017-07-20,México,Honduras,1.67,3.478,6.04
2017,2017-07-20,Jamaica,Canadá,3.3,2.88,2.472
2017,2017-07-19,EE. UU.,El Salvador,1.348,5.04,9.11
2017,2017-07-19,Costa Rica,Panamá,2.798,2.898,2.852
2017,2017-07-16,Curazao,México,21.8,9.6,1.098
2017,2017-07-16,Jamaica,El Salvador,2.488,2.852,3.186
2017,2017-07-15,Nicaragua,EE. UU.,20.2,8.25,1.118
2017,2017-07-15,Panamá,Martinica,1.856,2.752,5.9
2017,2017-07-14,Canadá,Honduras,3.642,2.432,2.634
2017,2017-07-14,Costa Rica,Guayana Francesa,1.19,6.5,13.6
2017,2017-07-11,Costa Rica,Canadá,1.704,3.452,5.33
2017,2017-07-09,México,El Salvador,1.256,5.8,10.65
2017,2017-07-08,EE. UU.,Panamá,1.7,3.53,5.14
2017,2017-07-07,Honduras,Costa Rica,3.328,2.922,2.36
2017,2017-07-07,Guayana Francesa,Canadá,5.99,3.786,1.576
2015,2015-07-26,Jamaica,México,4.6,3.3,1.818
2015,2015-07-25,EE. UU.,Panamá,1.67,3.84,4.81
2015,2015-07-22,Panamá,México,5.45,3.49,1.692
2015,2015-07-22,EE. UU.,Jamaica,1.42,4.08,8.06
2015,2015-07-19,México,Costa Rica,1.77,3.31,4.86
2015,2015-07-19,Trinidad y Tobago,Panamá,3.494,3.046,2.194
2015,2015-07-18,Haití,Jamaica,3.5,2.99,2.206
2015,2015-07-18,EE. UU.,Cuba,1.06,12.1,26.8
2015,2015-07-15,México,Trinidad y Tobago,1.362,4.62,8.72
2015,2015-07-15,Cuba,Guatemala,6.51,3.81,1.538
2015,2015-07-14,Canadá,Costa Rica,3.79,3.06,2.114
2015,2015-07-14,Jamaica,El Salvador,2.168,3.016,3.7
2015,2015-07-13,Panamá,EE. UU.,4.37,3.32,1.872
2015,2015-07-13,Haití,Honduras,4.59,3.51,1.772
2015,2015-07-12,Guatemala,México,21.0,9.5,1.1
2015,2015-07-12,Trinidad y Tobago,Cuba,1.328,4.956,9.5
2015,2015-07-11,Costa Rica,El Salvador,1.582,3.66,6.31
2015,2015-07-11,Jamaica,Canadá,2.394,2.958,3.24
2015,2015-07-10,EE. UU.,Haití,1.122,8.39,19.2
2015,2015-07-10,Honduras,Panamá,2.416,3.006,3.13
2015,2015-07-09,México,Cuba,1.04,15.2,33.0
2015,2015-07-09,Trinidad y Tobago,Guatemala,2.584,2.974,2.916
2015,2015-07-08,El Salvador,Canadá,3.9,3.076,2.07
2015,2015-07-08,Costa Rica,Jamaica,1.94,3.094,4.12
2015,2015-07-07,EE. UU.,Honduras,1.308,4.91,9.9
2015,2015-07-07,Panamá,Haití,1.874,3.14,4.79
2008,2008-06-17,Países Bajos,Rumanía,3.075,3.7625,2.0975
2008,2008-06-16,Austria,Alemania,8.875,4.4575,1.37
2008,2008-06-16,Polonia,Croacia,2.4,3.4375,2.78
2008,2008-06-15,Suiza,Portugal,3.2125,3.275,2.2125
2008,2008-06-14,Grecia,Rusia,3.2125,3.325,2.2
2008,2008-06-14,Suecia,España,5.95,3.6125,1.6
2008,2008-06-12,Croacia,Alemania,5.9375,3.3,1.6775
2008,2008-06-09,Países Bajos,Italia,3.1625,2.9575,2.425
2008,2008-06-08,Austria,Croacia,4.315,3.2625,1.8825
2019,2019-06-22,Perú,Brasil,10.9,5.19,1.304
2015,2015-06-14,Colombia,Venezuela,1.444,4.3,7.98
2023,2023-06-28,Jamaica,Trinidad y Tobago,1.48,3.862,6.808
2023,2023-06-27,Guatemala,Cuba,1.528,3.756,6.382
2023,2023-06-27,Canadá,Guadalupe,1.206,5.952,12.58
2023,2023-06-26,Costa Rica,Panamá,3.55,2.872,2.244
2023,2023-06-26,El Salvador,Martinica,1.706,3.392,5.166
2023,2023-06-25,México,Honduras,1.286,4.934,10.3
2023,2023-06-25,Haití,Catar,2.966,3.052,2.42
2023,2023-06-25,Trinidad y Tobago,Saint Kitts y Nevis,1.494,3.894,6.67
2023,2023-06-24,EE. UU.,Jamaica,1.628,3.71,5.278
2017,2017-07-13,México,Jamaica,1.404,4.488,7.63
2017,2017-07-13,El Salvador,Curazao,2.188,3.076,3.524
2017,2017-07-12,EE. UU.,Martinica,1.198,6.43,12.9
2017,2017-07-12,Panamá,Nicaragua,1.26,5.46,11.66
2017,2017-07-11,Honduras,Guayana Francesa,1.266,5.64,10.51
2008,2008-06-13,Países Bajos,Francia,2.635,3.075,2.7625
2017,2017-07-09,Curazao,Jamaica,3.592,3.098,2.16
2017,2017-07-08,Martinica,Nicaragua,2.106,3.012,3.87
2019,2019-06-23,Martinica,México,36.0,15.25,1.03
2019,2019-06-23,Canadá,Cuba,1.0125,19.0,50.25
2019,2019-06-22,EE. UU.,Trinidad y Tobago,1.188,6.55,13.4
2019,2019-06-22,Guyana,Panamá,38.4,11.09,1.048
2019,2019-06-21,Honduras,Curazao,1.41,4.4,7.22
2019,2019-06-21,El Salvador,Jamaica,3.148,2.612,2.66
2019,2019-06-20,Costa Rica,Bermudas,1.035,14.125,33.0
2019,2019-06-20,Nicaragua,Haití,5.7,3.83,1.544
2019,2019-06-19,México,Canadá,1.36,4.608,7.96
2019,2019-06-19,Cuba,Martinica,7.79,5.06,1.322
2019,2019-06-18,EE. UU.,Guyana,1.0125,21.75,66.5
2019,2019-06-18,Panamá,Trinidad y Tobago,1.764,3.25,5.078
2019,2019-06-17,Jamaica,Honduras,2.094,3.046,3.668
2019,2019-06-17,Curazao,El Salvador,2.82,3.038,2.52
2019,2019-06-16,Costa Rica,Nicaragua,1.134,7.0,17.6
2019,2019-06-16,Haití,Bermudas,1.188,5.79,14.5
2019,2019-06-15,México,Cuba,1.01,22.25,83.0
2019,2019-06-15,Canadá,Martinica,1.354,4.35,9.25
2023,2023-06-28,Saint Kitts y Nevis,EE. UU.,35.25,18.275,1.02
2021,2021-08-01,EE. UU.,México,3.566,3.056,2.148
2021,2021-07-29,México,Canadá,1.59,3.606,5.994
2021,2021-07-29,Catar,EE. UU.,3.85,3.292,1.964
2021,2021-07-25,EE. UU.,Jamaica,1.376,4.548,8.114
2021,2021-07-25,Costa Rica,Canadá,3.342,3.002,2.26
2021,2021-07-24,México,Honduras,1.376,4.294,8.89
2021,2021-07-24,Catar,El Salvador,1.802,3.264,4.742
2021,2021-07-20,Honduras,Catar,3.168,2.81,2.466
2021,2021-07-20,Panamá,Granada,1.042,12.8,30.6
2021,2021-07-20,Costa Rica,Jamaica,2.48,3.038,2.938
2021,2021-07-20,Surinam,Guadalupe,1.562,3.976,5.494
2021,2021-07-18,México,El Salvador,1.174,6.628,15.86
2021,2021-07-18,Guatemala,Trinidad y Tobago,3.824,3.336,1.952
2021,2021-07-18,EE. UU.,Canadá,1.732,3.644,4.5
2021,2021-07-18,Martinica,Haití,6.898,4.664,1.4
2021,2021-07-17,Panamá,Honduras,3.724,3.138,2.072
2021,2021-07-17,Granada,Catar,26.78,9.696,1.068
2021,2021-07-16,Surinam,Costa Rica,13.58,7.098,1.16
2021,2021-07-16,Guadalupe,Jamaica,14.6,5.896,1.2
2021,2021-07-15,Martinica,EE. UU.,33.4,16.1,1.028
2021,2021-07-15,Haití,Canadá,8.786,4.722,1.334
2021,2021-07-14,Guatemala,México,35.6,11.6,1.044
2021,2021-07-14,Trinidad y Tobago,El Salvador,3.564,3.004,2.17
2021,2021-07-13,Honduras,Granada,1.07,10.4,29.4
2021,2021-07-13,Catar,Panamá,2.04,3.124,3.68
2021,2021-07-12,Costa Rica,Guadalupe,1.082,9.4,25.0
2021,2021-07-12,Jamaica,Surinam,1.318,4.92,8.68
2021,2021-07-11,El Salvador,Guatemala,2.02,2.932,4.224
2021,2021-07-11,EE. UU.,Haití,1.118,8.06,17.8
2021,2021-07-11,Canadá,Martinica,1.132,7.22,21.0
2021,2021-07-10,México,Trinidad y Tobago,1.052,10.9,34.0
