home_team,away_team,ou_line,avg_over,avg_under
Argentina,Francia,2.25,1.94,1.97
Croacia,Marruecos,2.75,1.93,1.91
Francia,Marruecos,2.25,1.98,1.92
Argentina,Croacia,2.25,2.04,1.835
Inglaterra,Francia,2.25,2.0,1.9
Marruecos,Portugal,2.5,2.014,1.778
Países Bajos,Argentina,2.25,2.075,1.805
Croacia,Brasil,2.5,1.902,1.894
Portugal,Suiza,2.5,1.89,1.914
Marruecos,España,2.25,1.87,2.055
Brasil,Corea del Sur,2.75,1.83,2.095
Japón,Croacia,2.25,2.025,1.875
Inglaterra,Senegal,2.25,2.04,1.835
Francia,Polonia,2.75,1.97,1.93
Argentina,Australia,2.75,1.99,1.88
Países Bajos,EE. UU.,2.25,2.005,1.895
Camerún,Brasil,2.75,1.82,2.105
Serbia,Suiza,2.5,1.93,1.8767
Corea del Sur,Portugal,2.5,1.966,1.828
Ghana,Uruguay,2.5,2.014,1.792
Costa Rica,Alemania,3.75,2.045,1.83
Japón,España,2.5,1.8617,1.96
Croacia,Bélgica,2.5,2.0067,1.8017
Canadá,Marruecos,2.25,2.03,1.97
Arabia Saudí,México,2.5,1.918,1.887
Polonia,Argentina,2.5,2.0433,1.7633
Australia,Dinamarca,2.5,1.91,1.888
Túnez,Francia,2.25,1.89,2.02
Gales,Inglaterra,2.5,1.99,1.812
Irán,EE. UU.,2.25,1.905,2.005
Países Bajos,Catar,3.25,1.965,1.935
Ecuador,Senegal,2.0,1.98,1.92
Portugal,Uruguay,2.25,1.97,1.935
Brasil,Suiza,2.25,1.85,2.065
Corea del Sur,Ghana,2.25,2.04,1.835
Camerún,Serbia,2.25,1.835,2.04
España,Alemania,2.75,2.03,1.875
Croacia,Canadá,2.25,1.89,2.025
Bélgica,Marruecos,2.25,1.995,1.905
Japón,Costa Rica,2.5,2.0683,1.7567
Argentina,México,2.25,1.87,2.045
Francia,Dinamarca,2.25,1.89,2.025
Polonia,Arabia Saudí,2.25,1.99,1.91
Túnez,Australia,2.25,1.975,1.925
Inglaterra,EE. UU.,2.5,1.9967,1.8033
Países Bajos,Ecuador,2.25,2.095,1.795
Catar,Senegal,2.25,2.025,1.875
Gales,Irán,2.25,2.055,1.82
Brasil,Serbia,2.75,1.96,1.945
Portugal,Ghana,2.75,1.885,2.02
Uruguay,Corea del Sur,2.25,1.945,1.96
Suiza,Camerún,2.25,1.98,1.92
Bélgica,Canadá,2.75,1.985,1.915
España,Costa Rica,3.25,2.01,1.865
Alemania,Japón,3.0,1.90,2.00
Marruecos,Croacia,2.25,1.945,1.96
Francia,Australia,3.0,1.97,1.935
México,Polonia,2.25,2.0,1.905
Dinamarca,Túnez,2.25,1.875,2.04
Argentina,Arabia Saudí,3.0,1.9,2.015
EE. UU.,Gales,2.25,2.005,1.89
Senegal,Países Bajos,2.25,1.975,1.93
Inglaterra,Irán,2.25,1.96,1.94
Catar,Ecuador,2.0,1.89,2.02
Francia,Croacia,2.0,,
Bélgica,Inglaterra,3.0,,
Croacia,Inglaterra,2.0,,
Francia,Bélgica,2.5,,
Rusia,Croacia,2.0,,
Suecia,Inglaterra,2.0,,
Brasil,Bélgica,2.5,,
Uruguay,Francia,2.0,,
Colombia,Inglaterra,2.0,,
Suecia,Suiza,2.0,,
Bélgica,Japón,2.5,,
Brasil,México,2.5,,
Croacia,Dinamarca,2.0,,
España,Rusia,2.5,,
Uruguay,Portugal,2.0,,
Francia,Argentina,2.0,,
Inglaterra,Bélgica,2.0,,
Panamá,Túnez,2.5,,
Senegal,Colombia,2.5,,
Japón,Polonia,2.5,,
Serbia,Brasil,3.0,,
Suiza,Costa Rica,2.5,,
Corea del Sur,Alemania,3.0,,
México,Suecia,2.5,,
Nigeria,Argentina,3.0,,
Islandia,Croacia,2.5,,
Australia,Perú,2.5,,
Dinamarca,Francia,2.0,,
España,Marruecos,3.0,,
Irán,Portugal,2.5,,
Arabia Saudí,Egipto,2.5,,
Uruguay,Rusia,2.0,,
Polonia,Colombia,2.5,,
Japón,Senegal,2.0,,
Inglaterra,Panamá,2.5,,
Alemania,Suecia,3.0,,
Corea del Sur,México,2.5,,
Bélgica,Túnez,2.5,,
Serbia,Suiza,2.0,,
Nigeria,Islandia,2.0,,
Brasil,Costa Rica,2.5,,
Argentina,Croacia,2.0,,
Francia,Perú,2.0,,
Dinamarca,Australia,2.0,,
Irán,España,2.5,,
Uruguay,Arabia Saudí,3.0,,
Portugal,Marruecos,2.5,,
Rusia,Egipto,2.0,,
Polonia,Senegal,2.0,,
Colombia,Japón,2.0,,
Túnez,Inglaterra,2.5,,
Bélgica,Panamá,3.0,,
Suecia,Corea del Sur,2.0,,
Brasil,Suiza,2.5,,
Alemania,México,3.0,,
Costa Rica,Serbia,2.0,,
Croacia,Nigeria,2.5,,
Perú,Dinamarca,2.0,,
Argentina,Islandia,2.5,,
Francia,Australia,3.0,,
Portugal,España,2.5,,
Marruecos,Irán,2.0,,
Egipto,Uruguay,2.0,,
Rusia,Arabia Saudí,2.5,,
Alemania,Argentina,2.5,2.37,1.5575
Brasil,Países Bajos,2.5,,
Países Bajos,Argentina,2.5,,
Brasil,Alemania,2.5,,
Países Bajos,Costa Rica,2.5,,
Argentina,Bélgica,2.5,,
Brasil,Colombia,2.5,,
Francia,Alemania,2.5,,
Bélgica,EE. UU.,2.5,,
Argentina,Suiza,2.5,,
Alemania,Argelia,2.5,,
Francia,Nigeria,2.5,,
Costa Rica,Grecia,1.5,,
Países Bajos,México,2.5,,
Colombia,Uruguay,2.5,,
Brasil,Chile,2.5,,
Argelia,Rusia,2.5,,
Corea del Sur,Bélgica,2.5,,
EE. UU.,Alemania,2.5,,
Portugal,Ghana,3.5,,
Ecuador,Francia,2.5,,
Honduras,Suiza,2.5,,
Nigeria,Argentina,2.5,,
Bosnia-Herzegovina,Irán,2.5,,
Japón,Colombia,2.5,,
Grecia,Costa de Marfil,2.5,,
Costa Rica,Inglaterra,2.5,,
Italia,Uruguay,2.5,,
Camerún,Brasil,3.5,,
Croacia,México,2.5,,
Australia,España,3.5,,
Países Bajos,Chile,2.5,,
EE. UU.,Portugal,2.5,,
Corea del Sur,Argelia,2.0,,
Bélgica,Rusia,2.5,,
Nigeria,Bosnia-Herzegovina,2.5,,
Alemania,Ghana,3.5,,
Argentina,Irán,2.5,,
Honduras,Ecuador,2.5,,
Suiza,Francia,2.5,,
Italia,Costa Rica,2.5,,
Japón,Grecia,2.5,,
Uruguay,Inglaterra,2.5,,
Colombia,Costa de Marfil,2.5,,
Camerún,Croacia,2.5,,
España,Chile,2.5,,
Australia,Países Bajos,2.5,,
Rusia,Corea del Sur,2.5,,
Brasil,México,2.5,,
Bélgica,Argelia,2.5,,
Ghana,EE. UU.,2.5,,
Irán,Nigeria,2.5,,
Alemania,Portugal,2.5,,
Argentina,Bosnia-Herzegovina,2.5,,
Francia,Honduras,2.5,,
Suiza,Ecuador,2.5,,
Costa de Marfil,Japón,2.5,,
Inglaterra,Italia,2.5,,
Uruguay,Costa Rica,2.5,,
Colombia,Grecia,1.5,,
Chile,Australia,2.5,,
España,Países Bajos,2.5,,
México,Camerún,1.5,,
Brasil,Croacia,2.5,,
