year,home_team,away_team,lambda_total,k,prediction,actual,points
2014,Brazil,Croatia,2.7501000425130004,1.0940403,2-0,3-1,1
2014,Mexico,Cameroon,1.9680983999999992,1.13,1-0,1-0,3
2014,Spain,Netherlands,2.5864815164249997,1.1063505,2-1,1-5,0
2014,Chile,Australia,2.7355676912999995,1.0951469999999999,2-0,3-1,1
2014,Colombia,Greece,1.7522570999999996,1.13,1-0,3-0,1
2014,Uruguay,Costa Rica,2.7523856292000004,1.093866,2-0,1-3,0
2014,England,Italy,2.674997411433,1.0997313,2-1,1-2,0
2014,Ivory Coast,Japan,2.8346317368480003,1.0875492,2-1,2-1,3
2014,Switzerland,Ecuador,2.6314294857,1.103001,1-2,2-1,0
2014,France,Honduras,2.6126157292169996,1.1044059,2-0,3-0,1
2014,Argentina,Bosnia and Herzegovina,2.8891698375719996,1.0833114,2-0,2-1,2
2014,Germany,Portugal,2.776126213392,1.0920516,2-1,4-0,1
2014,Iran,Nigeria,2.6155159893119997,1.1041896,1-2,0-0,0
2014,Ghana,United States,2.648310850368,1.1017367999999998,2-1,1-2,0
2014,Belgium,Algeria,2.709753821432999,1.0971062999999999,2-0,2-1,2
2014,Brazil,Mexico,2.776537545657,1.0920201,2-0,0-0,0
2014,Russia,South Korea,2.6501028616319995,1.1016024,2-0,1-1,0
2014,Australia,Netherlands,2.7249566146919997,1.0959534,0-2,2-3,1
2014,Spain,Chile,2.6628560033279998,1.1006448,2-0,0-2,0
2014,Cameroon,Croatia,2.6460140816999997,1.101909,1-2,0-4,1
2014,Colombia,Ivory Coast,2.6689715544570003,1.1001849,2-1,2-1,3
2014,Uruguay,England,2.725675659408,1.0958988,1-2,2-1,0
2014,Japan,Greece,2.605768071108,1.1049162,1-2,0-0,0
2014,Italy,Costa Rica,2.6653420475369995,1.1004578999999999,2-0,0-1,0
2014,Switzerland,France,2.541269963748,1.1096958,1-2,2-5,1
2014,Honduras,Ecuador,2.6871706350719995,1.0988136,0-2,1-2,2
2014,Argentina,Iran,2.7811425301529993,1.0916673,2-0,1-0,1
2014,Germany,Ghana,3.4855874,1.06,2-1,2-2,0
2014,Nigeria,Bosnia and Herzegovina,2.7479789028,1.094202,1-2,1-0,0
2014,Belgium,Russia,2.6689157320169996,1.1001891,1-2,1-0,0
2014,South Korea,Algeria,2.297410604353,1.1273476999999998,2-1,2-4,0
2014,United States,Portugal,2.681379515712,1.0992503999999998,0-2,2-2,0
2014,Australia,Spain,3.3705032,1.06,0-2,0-3,1
2014,Netherlands,Chile,2.7005694879720004,1.0978014,2-1,2-0,2
2014,Cameroon,Brazil,3.5175782,1.06,0-3,1-4,1
2014,Croatia,Mexico,2.644304960337,1.1020371,1-2,1-3,1
2014,Italy,Uruguay,2.745636517425,1.0943805,1-2,0-1,1
2014,Costa Rica,England,2.6954302362569997,1.0981899,0-2,0-0,0
2014,Japan,Colombia,2.6423711268000005,1.102182,0-2,1-4,1
2014,Greece,Ivory Coast,2.6573216732519995,1.1010606,1-2,2-1,0
2014,Nigeria,Argentina,2.755991234817,1.0935909,0-2,2-3,1
2014,Bosnia and Herzegovina,Iran,2.746297989057,1.0943301,2-1,3-1,1
2014,Honduras,Switzerland,2.5939715652,1.105794,0-2,0-3,1
2014,Ecuador,France,2.618049102852,1.1040006,1-2,0-0,0
2014,United States,Germany,2.8704178353,1.084773,0-2,0-1,1
2014,Portugal,Ghana,3.2808908,1.06,2-1,2-1,3
2014,South Korea,Belgium,2.721581498112,1.0962096,1-2,0-1,1
2014,Algeria,Russia,2.6498508912329997,1.1016213,0-2,1-1,0
2014,Brazil,Chile,2.8003189985279997,1.0901952,2-0,1-1,0
2014,Colombia,Uruguay,2.635387521657,1.1027049,1-2,2-0,0
2014,Netherlands,Mexico,2.6736309501479996,1.0998341999999999,2-1,2-1,3
2014,Costa Rica,Greece,1.7890724999999996,1.13,0-1,1-1,0
2014,France,Nigeria,2.5906939912319995,1.1060375999999998,2-0,2-0,3
2014,Germany,Algeria,2.918762439657,1.0809951,2-0,2-1,2
2014,Argentina,Switzerland,2.6827999580729998,1.0991433,2-0,1-0,1
2014,Belgium,United States,2.723822563425,1.0960395,2-1,2-1,3
2014,France,Germany,2.712830673168,1.0968731999999999,1-2,0-1,1
2014,Brazil,Colombia,2.6428756629479997,1.1021442,2-0,2-1,2
2014,Argentina,Belgium,2.8185078824249996,1.0887944999999999,2-0,1-0,1
2014,Netherlands,Costa Rica,2.704927524273,1.0974717,2-0,0-0,0
2014,Brazil,Germany,2.8753003061370004,1.0843929,2-1,1-7,0
2014,Netherlands,Argentina,2.696097193425,1.0981395,1-2,0-0,0
2014,Brazil,Netherlands,2.7033734217929997,1.0975892999999999,2-1,0-3,0
2014,Germany,Argentina,2.862478394112,1.0853904,1-2,1-0,0
2018,Russia,Saudi Arabia,2.773602755328,1.0922448,2-0,5-0,1
2018,Egypt,Uruguay,2.2920616443879993,1.1277278,0-2,0-1,1
2018,Morocco,Iran,2.0890423,1.13,1-0,0-1,0
2018,Portugal,Spain,2.6453416964519993,1.1019594,1-2,3-3,0
2018,France,Australia,3.065303503137,1.0693429,2-0,2-1,2
2018,Argentina,Iceland,2.8737362069129997,1.0845147,2-0,1-1,0
2018,Peru,Denmark,2.2404057999999996,1.13,1-0,0-1,0
2018,Croatia,Nigeria,2.569830488913,1.1075853,2-0,2-0,3
2018,Costa Rica,Serbia,2.3232694852,1.125506,0-2,0-1,1
2018,Germany,Mexico,3.1376763582329996,1.0634713,2-0,0-1,0
2018,Brazil,Switzerland,2.703567706212,1.0975746,2-0,1-1,0
2018,Sweden,South Korea,2.3432529987999997,1.124078,2-0,1-0,1
2018,Belgium,Panama,3.0940494341130003,1.0670203,2-0,3-0,1
2018,Tunisia,England,2.619793542912,1.1038704,0-2,1-2,2
2018,Colombia,Japan,2.314788316048,1.1261108,2-0,1-2,0
2018,Poland,Senegal,2.2934805553000004,1.127627,2-1,1-2,0
2018,Russia,Egypt,2.2269474999999996,1.13,1-1,3-1,0
2018,Portugal,Morocco,2.549410590528,1.1090952,2-0,1-0,1
2018,Uruguay,Saudi Arabia,3.2412468,1.06,2-0,1-0,1
2018,Iran,Spain,2.6138548388249996,1.1043135,0-2,0-1,1
2018,Denmark,Australia,2.3606907798249996,1.1228285,2-0,1-1,0
2018,France,Peru,2.2532539,1.13,2-0,1-0,1
2018,Argentina,Croatia,2.3092758498249992,1.1265034999999999,2-0,0-3,0
2018,Brazil,Costa Rica,2.7865378926719995,1.0912536,2-0,2-0,3
2018,Nigeria,Iceland,2.3339444044329998,1.1247437,2-1,2-0,2
2018,Serbia,Switzerland,2.3341500937,1.1247289999999999,1-2,1-2,3
2018,Belgium,Tunisia,2.7378035923770003,1.0949769,2-0,5-2,1
2018,South Korea,Mexico,2.7213047660519996,1.0962306,1-2,1-2,3
2018,Germany,Sweden,3.0640524504329996,1.0694437,2-1,2-1,3
2018,England,Panama,2.663833780233,1.1005713,2-0,6-1,1
2018,Japan,Senegal,2.285880085873,1.1281667,1-2,2-2,0
2018,Poland,Colombia,2.629604015625,1.1031374999999999,0-2,0-3,1
2018,Uruguay,Russia,2.3618029378329997,1.1227487,2-0,3-0,1
2018,Saudi Arabia,Egypt,2.7047332830720006,1.0974864,0-2,2-1,0
2018,Spain,Morocco,2.942653029633,1.0791163000000001,2-0,2-2,0
2018,Iran,Portugal,2.536511754825,1.1100465,0-2,1-1,0
2018,Australia,Peru,2.671315641825,1.1000085,0-2,0-2,3
2018,Denmark,France,2.294721864208,1.1275388,0-2,0-0,0
2018,Iceland,Croatia,2.7397075967999998,1.094832,0-2,1-2,2
2018,Nigeria,Argentina,2.984333496393,1.0758193,0-2,1-2,2
2018,South Korea,Germany,3.1704541878119996,1.0607854,0-2,2-0,0
2018,Mexico,Sweden,2.6948743831770003,1.0982319,1-2,0-3,1
2018,Serbia,Brazil,3.148821884457,1.0625599000000001,0-2,0-2,3
2018,Switzerland,Costa Rica,2.5849258691999997,1.106466,2-0,2-2,0
2018,Japan,Poland,2.760941975337,1.0932129,1-2,0-1,1
2018,Senegal,Colombia,2.5230444025530003,1.1110377,0-2,0-1,1
2018,England,Belgium,2.328535501057,1.1251301,2-1,0-1,0
2018,Panama,Tunisia,2.5858593032729997,1.1063967,1-2,1-2,3
2018,France,Argentina,2.2955197311369995,1.1274821,0-2,4-3,0
2018,Uruguay,Portugal,2.3241523393000003,1.125443,1-2,2-1,0
2018,Spain,Russia,2.732612826273,1.0953717,2-0,1-1,0
2018,Croatia,Denmark,2.2641270827769997,1.1297081,2-1,1-1,0
2018,Brazil,Mexico,2.824168512153,1.0883577,2-0,2-0,3
2018,Belgium,Japan,2.813359602372,1.0891914,2-0,3-2,1
2018,Sweden,Switzerland,2.2721664096999996,1.129139,1-1,1-0,0
2018,Colombia,England,2.1570117999999994,1.13,1-0,1-1,0
2018,Uruguay,France,2.336940980425,1.1245295,1-2,0-2,2
2018,Brazil,Belgium,2.791271919513,1.0908902999999999,2-0,1-2,0
2018,Sweden,England,2.263622462308,1.1297438,0-2,0-2,3
2018,Russia,Croatia,2.2824467979129994,1.1284102999999999,0-2,2-2,0
2018,France,Belgium,2.7083118794250005,1.0972155,2-1,1-0,1
2018,Croatia,England,2.2304730999999998,1.13,0-2,2-1,0
2018,Belgium,England,2.980417641057,1.0761301,1-2,2-0,0
2018,France,Croatia,2.276552984068,1.1288281999999998,2-0,4-2,1
2022,Senegal,Netherlands,2.4334230467999998,1.1175819999999999,0-2,0-2,3
2022,England,Iran,2.3619590156249997,1.1227375,2-0,6-2,1
2022,Qatar,Ecuador,2.517481894825,1.1114465,0-2,0-2,3
2022,United States,Wales,2.347692384228,1.1237602,1-2,1-1,0
2022,Argentina,Saudi Arabia,3.1248064692329995,1.0645213,2-0,1-2,0
2022,Denmark,Tunisia,2.500746615993,1.1126743,2-0,0-0,0
2022,Mexico,Poland,2.5491166447769995,1.1091168999999999,1-2,0-0,0
2022,France,Australia,3.0986355159720005,1.0666486000000002,2-0,4-1,1
2022,Morocco,Croatia,2.4797909089529995,1.1142073,1-2,0-0,0
2022,Germany,Japan,3.2539032,1.06,2-0,1-2,0
2022,Spain,Costa Rica,3.1874836,1.06,2-0,7-0,1
2022,Belgium,Canada,3.038411735425,1.0715045,2-0,1-0,1
2022,Switzerland,Cameroon,2.486975080953,1.1136823,2-0,1-0,1
2022,Uruguay,South Korea,2.4591718660169994,1.1157108999999998,2-0,0-0,0
2022,Portugal,Ghana,2.888398690191999,1.0833716,2-0,3-2,1
2022,Brazil,Serbia,2.920055678272,1.0808936,2-0,2-0,3
2022,Wales,Iran,2.2972727456249995,1.1273575,0-1,0-2,1
2022,Qatar,Senegal,2.437157183097,1.1173111,0-2,1-3,1
2022,Netherlands,Ecuador,2.6473492982969997,1.1018089,2-0,1-1,0
2022,England,United States,2.5950166416329994,1.1057162999999999,2-0,0-0,0
2022,Tunisia,Australia,2.4666955070880006,1.1151628,1-2,0-1,1
2022,Poland,Saudi Arabia,2.5748945922569995,1.1072100999999999,2-0,2-0,3
2022,France,Denmark,2.4853377828,1.113802,2-1,2-1,3
2022,Argentina,Mexico,2.5288304333369998,1.1106121,2-0,2-0,3
2022,Japan,Costa Rica,2.5812473697,1.106739,2-1,0-1,0
2022,Belgium,Morocco,2.5561392136679997,1.1085981999999999,2-0,0-2,0
2022,Croatia,Canada,2.6086057265279994,1.1047048,2-0,4-1,1
2022,Spain,Germany,3.010079086912,1.0737704000000001,2-1,1-1,0
2022,Cameroon,Serbia,2.517291313425,1.1114605,0-2,3-3,0
2022,South Korea,Ghana,2.392063490832,1.1205724,2-1,2-3,0
2022,Brazil,Switzerland,2.515089692388,1.1116222,2-0,1-0,1
2022,Portugal,Uruguay,2.4598928929919994,1.1156583999999998,2-1,2-0,2
2022,Ecuador,Senegal,2.2085058999999996,1.13,1-0,1-2,0
2022,Netherlands,Qatar,3.4897108,1.06,3-0,2-0,1
2022,Wales,England,2.5661148873119997,1.1078603999999999,0-2,0-3,1
2022,Iran,United States,2.3195700750570003,1.1257698999999999,1-0,0-1,0
2022,Australia,Denmark,2.739210957828,1.0948698,0-2,1-0,0
2022,Tunisia,France,2.547068133177,1.1092681,0-2,1-0,0
2022,Poland,Argentina,2.7465184634729995,1.0943133,0-2,0-2,3
2022,Saudi Arabia,Mexico,2.648506876737,1.1017221,0-2,1-2,2
2022,Croatia,Belgium,2.8648289551529995,1.0852077,1-2,0-0,0
2022,Canada,Morocco,2.4202355156249995,1.1185375,1-2,1-2,3
2022,Japan,Spain,2.848029920868,1.0865118,0-2,2-1,0
2022,Costa Rica,Germany,3.6360756,1.06,0-3,2-4,1
2022,Ghana,Uruguay,2.6387260425,1.102455,0-2,0-2,3
2022,South Korea,Portugal,2.704178274192,1.0975283999999998,0-2,2-1,0
2022,Serbia,Switzerland,2.7762633272969994,1.0920410999999999,1-2,2-3,1
2022,Cameroon,Brazil,2.880780294817,1.0839659,0-2,1-0,0
2022,Netherlands,United States,2.531883141732,1.1103874,2-0,3-1,1
2022,Argentina,Australia,2.948849482753,1.0786277,2-0,2-1,2
2022,England,Senegal,2.343028019217,1.1240941,2-0,3-0,1
2022,France,Poland,2.9166569529130006,1.0811603,2-1,3-1,1
2022,Japan,Croatia,2.636163863568,1.1026468,0-2,1-1,0
2022,Brazil,South Korea,2.881669178692,1.0838966,2-0,4-1,1
2022,Morocco,Spain,2.4993994353,1.112773,0-2,0-0,0
2022,Portugal,Switzerland,2.7081454795769995,1.0972281,2-1,6-1,1
2022,Croatia,Brazil,2.7215261527080004,1.0962138,0-2,1-1,0
2022,Netherlands,Argentina,2.5380697190730004,1.1099317,1-2,2-2,0
2022,Morocco,Portugal,2.622859206825,1.1036415,0-2,1-0,0
2022,England,France,2.4337704967680005,1.1175568,2-1,1-2,0
2022,Argentina,Croatia,2.566048686513,1.1078653,2-0,3-0,1
2022,France,Morocco,2.453487418212,1.1161246,2-0,2-0,3
2022,Croatia,Morocco,2.8066610189529992,1.0897073,2-1,2-1,3
2022,Argentina,France,2.4640732964969994,1.1153539,2-1,3-3,0
