tournament,year,date,home_team,away_team,actual_home,actual_away,model_home,model_draw,model_away,book_home,book_draw,book_away,tvd,model_favorite,book_favorite,favorite_flip,model_prediction,model_points,model_decision_margin,blend00_prediction,blend00_points,blend00_decision_margin,blend005_prediction,blend005_points,blend005_decision_margin,blend01_prediction,blend01_points,blend01_decision_margin,blend015_prediction,blend015_points,blend015_decision_margin,blend02_prediction,blend02_points,blend02_decision_margin,blend025_prediction,blend025_points,blend025_decision_margin,blend03_prediction,blend03_points,blend03_decision_margin,blend035_prediction,blend035_points,blend035_decision_margin,blend04_prediction,blend04_points,blend04_decision_margin,blend045_prediction,blend045_points,blend045_decision_margin,blend05_prediction,blend05_points,blend05_decision_margin,blend055_prediction,blend055_points,blend055_decision_margin,blend06_prediction,blend06_points,blend06_decision_margin,blend065_prediction,blend065_points,blend065_decision_margin,blend07_prediction,blend07_points,blend07_decision_margin,blend075_prediction,blend075_points,blend075_decision_margin,blend08_prediction,blend08_points,blend08_decision_margin,blend085_prediction,blend085_points,blend085_decision_margin,blend09_prediction,blend09_points,blend09_decision_margin,blend095_prediction,blend095_points,blend095_decision_margin,blend10_prediction,blend10_points,blend10_decision_margin,oracle_points,oracle_gain,n_best_alphas,best_alphas
African Cup of Nations,2015,2015-01-28,Guinea,Mali,1,1,0.4185887472882411,0.2687228809241773,0.3126883717875816,0.3280734123900047,0.3252784274921669,0.3466481601173401,0.0905153348979921,home,away,True,2-1,0,0.0165917353946127,1-1,3,0.0650850460037275,1-1,3,0.0623567497248962,1-1,3,0.0596284534460659,1-1,3,0.0569001571672352,1-1,3,0.0541718608884053,1-1,3,0.0468219012543315,1-1,3,0.0340696245457768,1-1,3,0.0213173478372223,1-1,3,0.0085650711286678,2-1,0,0.004187205579885,2-1,0,0.0148005756092637,2-1,0,0.0149799979946881,2-1,0,0.0151594203801126,2-1,0,0.0153388427655369,2-1,0,0.0155182651509614,2-1,0,0.0156976875363857,2-1,0,0.0158771099218101,2-1,0,0.0160565323072345,2-1,0,0.0162359546926591,2-1,0,0.0164153770780833,2-1,0,0.0165947994635078,3,3,9,"blend005,blend00,blend015,blend01,blend025,blend02,blend035,blend03,blend04"
African Cup of Nations,2015,2015-01-27,Senegal,Algeria,0,2,0.4050162066331843,0.3181010688954985,0.2768827244713172,0.324824611416516,0.3216337496410693,0.3535416389419221,0.080191595216422,home,away,True,1-0,0,0.0452648027351864,0-1,1,0.032009148493036,0-1,1,0.0254041244566485,0-1,1,0.0187991004202624,0-1,1,0.0121940763838758,0-1,1,0.0055890523474899,0-0,0,0.0010159716888957,0-0,0,0.0037195038605787,1-0,0,0.0005091686619551,1-0,0,0.0077306908103592,1-0,0,0.0149522129587625,1-0,0,0.0221737351071658,1-0,0,0.0293952572555683,1-0,0,0.0366167794039709,1-0,0,0.0421291678545119,1-0,0,0.0425772926467509,1-0,0,0.0430254174389895,1-0,0,0.0434735422312281,1-0,0,0.043921667023467,1-0,0,0.0443697918157055,1-0,0,0.0448179166079443,1-0,0,0.0452660414001829,1,1,5,"blend005,blend00,blend015,blend01,blend02"
African Cup of Nations,2015,2015-01-27,South Africa,Ghana,1,2,0.2576787120522742,0.3611102200225239,0.3812110679252019,0.2302770913232398,0.2984473040711396,0.471275604606128,0.0900645366806723,away,away,False,0-0,0,0.039143292590504,0-1,1,0.1581187083259493,0-1,1,0.1566078208466551,0-1,1,0.1550969333673607,0-1,1,0.1535860458880659,0-1,1,0.1520751584087712,0-1,1,0.1505642709294767,0-1,1,0.1490533834501821,0-1,1,0.1475424959708872,0-1,1,0.145403458481148,0-1,1,0.1300245426332461,0-1,1,0.114645626785343,0-1,1,0.09926671093744,0-1,1,0.0838877950895352,0-1,1,0.0685088792416301,0-1,1,0.0531299633937242,0-1,1,0.0377510475458175,0-1,1,0.02237213169791,0-1,1,0.006993215850002,0-0,0,0.0083856999979073,0-0,0,0.0237646158458166,0-0,0,0.0391435316937273,1,1,18,"blend005,blend00,blend015,blend01,blend025,blend02,blend035,blend03,blend045,blend04,blend055,blend05,blend065,blend06,blend075,blend07,blend085,blend08"
African Cup of Nations,2015,2015-01-22,Cape Verde,DR Congo,0,0,0.353885483932698,0.3071966352244457,0.3389178808428564,0.2802607383962068,0.3150527056810923,0.4046865559221934,0.0736247455362374,home,away,True,1-0,0,0.0035818814218112,0-1,0,0.0276202282041253,0-1,0,0.0273957895876463,0-1,0,0.0271713509711666,0-1,0,0.0269469123546873,0-1,0,0.026722473738208,0-1,0,0.0264980351217287,0-1,0,0.0262735965052491,0-1,0,0.0260491578887698,0-1,0,0.0258247192722906,0-1,0,0.0256002806558113,0-1,0,0.0253758420393319,0-1,0,0.024912904715553,0-1,0,0.0201261187242992,0-1,0,0.0153393327330458,0-1,0,0.0105525467417924,0-1,0,0.0057657607505398,0-1,0,0.0009789747592867,1-1,1,0.0038078112319654,1-1,1,0.008594597223218,1-1,1,0.0033371523363554,1-0,0,0.0035820104663671,1,1,3,"blend085,blend095,blend09"
African Cup of Nations,2015,2015-01-22,Zambia,Tunisia,1,2,0.2904937658684719,0.366936170102247,0.3425700640292811,0.2428943633625074,0.3107261561060357,0.4463794805319342,0.1038094165024143,draw,away,True,0-0,0,0.1151392371065493,0-1,1,0.1731286673407955,0-1,1,0.1711155387450234,0-1,1,0.1691024101492513,0-1,1,0.1609232514642029,0-1,1,0.1446842533997059,0-1,1,0.1284452553352087,0-1,1,0.1122062572707097,0-1,1,0.0959672592062107,0-1,1,0.0797282611417107,0-1,1,0.0634892630772098,0-1,1,0.0472502650127079,0-1,1,0.0310112669482057,0-1,1,0.0147722688837027,0-0,0,0.0014667291808011,0-0,0,0.0177057272453063,0-0,0,0.0339447253098116,0-0,0,0.0501837233743174,0-0,0,0.0664227214388246,0-0,0,0.082661719503333,0-0,0,0.0989007175678413,0-0,0,0.1151397156323507,1,1,13,"blend005,blend00,blend015,blend01,blend025,blend02,blend035,blend03,blend045,blend04,blend055,blend05,blend06"
African Cup of Nations,2015,2015-01-19,Algeria,South Africa,3,1,0.2845193985565891,0.3623642105784288,0.3531163908649821,0.544670381937197,0.2823021542351722,0.17302746382715,0.2601509833808482,draw,home,True,0-0,0,0.0859642568145752,1-0,1,0.2388619598158319,1-0,1,0.2331575764126663,1-0,1,0.2274531930095015,1-0,1,0.2217488096063369,1-0,1,0.2160444262031713,1-0,1,0.2103400428000067,1-0,1,0.2046356593968423,1-0,1,0.1989312759936783,1-0,1,0.1932268925905144,1-0,1,0.1774740062495401,1-0,1,0.1429483869660071,1-0,1,0.1084227676824762,1-0,1,0.0738971483989471,1-0,1,0.0393715291154191,1-0,1,0.0048459098318931,0-0,0,0.0296797094516308,0-0,0,0.0642053287351537,0-0,0,0.0987309480186751,0-0,0,0.1038712320779969,0-0,0,0.0949179605977094,0-0,0,0.0859646891174213,1,1,15,"blend005,blend00,blend015,blend01,blend025,blend02,blend035,blend03,blend045,blend04,blend055,blend05,blend065,blend06,blend07"
African Cup of Nations,2015,2015-01-17,Equatorial Guinea,Congo,1,1,0.2794519392947653,0.3313525975648826,0.3891954631403521,0.3938205922691463,0.3093330860404135,0.2968463216899654,0.1143686529746183,away,home,True,0-1,0,0.0441500083048183,1-0,0,0.1106899639866615,1-0,0,0.1090827013996525,1-0,0,0.1031363659843912,1-0,0,0.0902768241820021,1-0,0,0.0774172823796136,1-0,0,0.0645577405772265,1-0,0,0.0516981987748395,1-0,0,0.0388386569724531,1-0,0,0.0259791151700673,1-0,0,0.0131195733676823,1-0,0,0.0002600315652974,0-0,1,0.0106116575224451,0-0,1,0.0045269479383198,0-1,0,0.0015577616458044,0-1,0,0.0076424712299298,0-1,0,0.0137271808140535,0-1,0,0.0198118903981781,0-1,0,0.0258965999823018,0-1,0,0.0319813095664248,0-1,0,0.0380660191505478,0-1,0,0.0441507287346706,1,1,2,"blend055,blend06"
African Cup of Nations,2017,2017-01-22,Cameroon,Gabon,0,0,0.4428816680228256,0.3682500797066825,0.1888682522704918,0.3182836613795368,0.3151753579459309,0.3665409806750268,0.1776727284042877,home,away,True,1-0,0,0.0282894380632753,0-1,0,0.0793908781356915,0-1,0,0.0549429316904899,0-1,0,0.030494985245287,0-1,0,0.0060470388000822,0-0,3,0.0184009076451225,0-0,3,0.0428488540903293,0-0,3,0.0546817733299049,0-0,3,0.0487552350883226,0-0,3,0.0428286968467399,0-0,3,0.0369021586051568,0-0,3,0.0309756203635734,0-0,3,0.02504908212199,0-0,3,0.019122543880407,0-0,3,0.0131960056388223,0-0,3,0.0072694673972383,0-0,3,0.0013429291556533,1-0,0,0.0045836090859318,1-0,0,0.0105101473275168,1-0,0,0.016436685569102,1-0,0,0.0223632238106881,1-0,0,0.0282897620522742,3,3,12,"blend025,blend02,blend035,blend03,blend045,blend04,blend055,blend05,blend065,blend06,blend075,blend07"
African Cup of Nations,2017,2017-01-17,Ghana,Uganda,1,0,0.454988562485158,0.3912963402098086,0.1537150973050332,0.5717248360580292,0.2909694047614828,0.1373057591799877,0.1167362735731212,home,home,False,0-0,0,0.014556137072786,1-0,3,0.2302124303274759,1-0,3,0.2278621614960628,1-0,3,0.2255118926646485,1-0,3,0.2231616238332343,1-0,3,0.2208113550018209,1-0,3,0.2184610861704072,1-0,3,0.2161108173389929,1-0,3,0.2137605485075815,1-0,3,0.2114102796761684,1-0,3,0.209060010844755,1-0,3,0.2067097420133417,1-0,3,0.197019960919399,1-0,3,0.1735114952874924,1-0,3,0.1500030296555875,1-0,3,0.1264945640236831,1-0,3,0.1029860983917804,1-0,3,0.0794776327598787,1-0,3,0.0559691671279785,1-0,3,0.0324607014960787,1-0,3,0.0089522358641805,0-0,0,0.014556229767716,3,3,20,"blend005,blend00,blend015,blend01,blend025,blend02,blend035,blend03,blend045,blend04,blend055,blend05,blend065,blend06,blend075,blend07,blend085,blend08,blend095,blend09"
African Cup of Nations,2017,2017-01-15,Tunisia,Senegal,0,2,0.2883432821134922,0.3382033245390244,0.3734533933474834,0.2165176002978341,0.3115615562969591,0.4719208434046994,0.0984674500574697,away,away,False,0-0,0,0.0038146193790445,0-1,1,0.0445892760551779,0-1,1,0.0441240929238941,0-1,1,0.0436589097926103,0-1,1,0.0431937266613267,0-1,1,0.042728543530043,0-1,1,0.0422633603987593,0-1,1,0.0417981772674755,0-1,1,0.0413329941361921,0-1,1,0.0408678110049086,0-1,1,0.0404026278736249,0-1,1,0.0399374447423416,0-1,1,0.0394722616110578,0-1,1,0.0390070784797743,0-1,1,0.0385418953484911,0-1,1,0.0380767122172077,0-1,1,0.0376115290859243,0-1,1,0.0371463459546408,0-1,1,0.0290636022028311,0-1,1,0.0181041669212876,0-1,1,0.0071447316397451,0-0,0,0.0038147036417971,1,1,20,"blend005,blend00,blend015,blend01,blend025,blend02,blend035,blend03,blend045,blend04,blend055,blend05,blend065,blend06,blend075,blend07,blend085,blend08,blend095,blend09"
African Cup of Nations,2019,2019-07-17,Tunisia,Nigeria,0,1,0.2805259805804479,0.3450715642751716,0.3744024551443805,0.2822979606448242,0.2942491820230923,0.423452857331572,0.0508223822518235,away,away,False,0-0,0,0.0123119303745411,0-1,3,0.0372249289762265,0-1,3,0.0370093326346185,0-1,3,0.0367937362930109,0-1,3,0.0365781399514029,0-1,3,0.0363625436097949,0-1,3,0.0361469472681872,0-1,3,0.0359313509265794,0-1,3,0.0357157545849716,0-1,3,0.0355001582433638,0-1,3,0.0352845619017564,0-1,3,0.0350689655601486,0-1,3,0.0348533692185407,0-1,3,0.0346377728769328,0-1,3,0.0344221765353252,0-1,3,0.0338664488172311,0-1,3,0.024808574991687,0-1,3,0.0157507011661431,0-1,3,0.0066928273405996,0-0,0,0.0023650464849431,0-0,0,0.0114229203104855,0-0,0,0.0123121915341005,3,3,18,"blend005,blend00,blend015,blend01,blend025,blend02,blend035,blend03,blend045,blend04,blend055,blend05,blend065,blend06,blend075,blend07,blend085,blend08"
African Cup of Nations,2019,2019-07-11,Ivory Coast,Algeria,1,1,0.4552168724768937,0.2903341835782478,0.2544489439448584,0.2574130381513306,0.3133699310792728,0.4292170307698856,0.1978038343258076,home,away,True,2-1,0,0.0060500622630514,1-2,0,0.0369783362863331,1-2,0,0.0362254965079191,1-2,0,0.0354726567295049,1-2,0,0.0347198169510907,1-2,0,0.0339669771726764,1-2,0,0.0332141373942622,1-2,0,0.0324612976158479,1-2,0,0.024371201326356,1-2,0,0.0118655855453007,1-1,3,0.000640030235755,1-1,3,0.0131456460168115,1-1,3,0.0044935027038008,2-1,0,0.0049994287552872,2-1,0,0.005130898900667,2-1,0,0.0052623690460469,2-1,0,0.0053938391914268,2-1,0,0.0055253093368068,2-1,0,0.0056567794821866,2-1,0,0.0057882496275665,2-1,0,0.0059197197729464,2-1,0,0.0060511899183263,3,3,3,"blend045,blend055,blend05"
African Cup of Nations,2019,2019-07-10,Nigeria,South Africa,2,1,0.3581047678999749,0.3781321678523483,0.2637630642476767,0.4496518033334821,0.3273365016199142,0.2230116950470871,0.0915470354332654,draw,home,True,0-0,0,0.1216636494267234,1-0,1,0.1221798508755603,1-0,1,0.120936088140215,1-0,1,0.1196923254048697,1-0,1,0.1152914603886923,1-0,1,0.1013528785613379,1-0,1,0.0874142967339823,1-0,1,0.073475714906627,1-0,1,0.0595371330792706,1-0,1,0.0455985512519138,1-0,1,0.0316599694245561,1-0,1,0.0177213875971974,1-0,1,0.0037828057698384,0-0,0,0.0101557760575216,0-0,0,0.0240943578848816,0-0,0,0.0380329397122425,0-0,0,0.0519715215396048,0-0,0,0.0659101033669674,0-0,0,0.0798486851943304,0-0,0,0.0937872670216943,0-0,0,0.1077258488490584,0-0,0,0.1216644306764234,1,1,12,"blend005,blend00,blend015,blend01,blend025,blend02,blend035,blend03,blend045,blend04,blend055,blend05"
African Cup of Nations,2019,2019-07-06,Nigeria,Cameroon,3,2,0.334713045830105,0.3775355800240127,0.2877513741458822,0.3800441269159266,0.3417634016091863,0.2781924714753833,0.0453310810855734,draw,home,True,0-0,0,0.1137215022659946,1-0,1,0.0031923321885113,0-0,0,0.0048066159917465,0-0,0,0.0128055641720042,0-0,0,0.0208045123522628,0-0,0,0.0288034605325219,0-0,0,0.0368024087127807,0-0,0,0.0448013568930411,0-0,0,0.0528003050733015,0-0,0,0.060799253253562,0-0,0,0.0687982014338226,0-0,0,0.0767971496140842,0-0,0,0.0847960977943461,0-0,0,0.0927950459746079,0-0,0,0.1007939941548705,0-0,0,0.1087929423351337,0-0,0,0.1110283356598798,0-0,0,0.1115671047681334,0-0,0,0.112105873876387,0-0,0,0.1126446429846407,0-0,0,0.1131834120928945,0-0,0,0.1137221812011481,1,1,1,blend00
African Cup of Nations,2019,2019-07-05,Uganda,Senegal,0,1,0.153667533059046,0.418316360571702,0.4280161063692518,0.1121837203648296,0.2492409883251555,0.6385752913105267,0.2105591849410188,away,away,False,0-0,0,0.1287413288346445,0-1,3,0.3173145883266164,0-1,3,0.3120831377837361,0-1,3,0.3068516872408565,0-1,3,0.3016202366979753,0-1,3,0.2963887861550944,0-1,3,0.2911573356122133,0-1,3,0.2859258850693315,0-1,3,0.280694434526449,0-1,3,0.2754629839835681,0-1,3,0.2702315334406854,0-1,3,0.2650000828978019,0-1,3,0.2525952196865941,0-1,3,0.2102244474458027,0-1,3,0.1678536752050081,0-1,3,0.1254829029642109,0-1,3,0.0831121307234122,0-1,3,0.0407413584826115,0-0,0,0.0016294137581917,0-0,0,0.0440001859989973,0-0,0,0.086370958239805,0-0,0,0.1287417304806146,3,3,17,"blend005,blend00,blend015,blend01,blend025,blend02,blend035,blend03,blend045,blend04,blend055,blend05,blend065,blend06,blend075,blend07,blend08"
African Cup of Nations,2019,2019-06-28,Morocco,Ivory Coast,1,0,0.2994329919475064,0.359175503451768,0.3413915046007255,0.4292541465563196,0.3205047891722479,0.2502410642719103,0.1298211546085742,draw,home,True,0-0,0,0.0497688070976722,1-0,3,0.0901004925249382,1-0,3,0.0887380187941392,1-0,3,0.08737554506334,1-0,3,0.0860130713325405,1-0,3,0.0827895701792148,1-0,3,0.0671484918102583,1-0,3,0.0515074134413012,1-0,3,0.0358663350723438,1-0,3,0.0202252567033848,1-0,3,0.0045841783344247,0-0,0,0.0110569000345348,0-0,0,0.0266979784034959,0-0,0,0.0423390567724571,0-0,0,0.0478939358696153,0-0,0,0.048161857503745,0-0,0,0.0484297791378744,0-0,0,0.0486977007720044,0-0,0,0.048965622406134,0-0,0,0.0492335440402635,0-0,0,0.0495014656743931,0-0,0,0.0497693873085229,3,3,10,"blend005,blend00,blend015,blend01,blend025,blend02,blend035,blend03,blend045,blend04"
African Cup of Nations,2019,2019-06-27,Kenya,Tanzania,3,2,0.331967529034693,0.407806511617917,0.26022595934739,0.4348998055230286,0.3123945846828731,0.2527056097945643,0.1029322764881026,draw,home,True,0-0,0,0.2323016330190326,1-0,1,0.1773971005953468,1-0,1,0.156293590252521,1-0,1,0.135190079909694,1-0,1,0.1140865695668654,1-0,1,0.0929830592240362,1-0,1,0.071879548881206,1-0,1,0.0507760385383748,1-0,1,0.0296725281955426,1-0,1,0.0085690178527095,0-0,0,0.0125344924901246,0-0,0,0.0336380028329594,0-0,0,0.0547415131757954,0-0,0,0.0758450235186325,0-0,0,0.0969485338614707,0-0,0,0.11805204420431,0-0,0,0.1391555545471501,0-0,0,0.1602590648899907,0-0,0,0.1813625752328334,0-0,0,0.2024660855756758,0-0,0,0.2235695959185197,0-0,0,0.2323021347534493,1,1,9,"blend005,blend00,blend015,blend01,blend025,blend02,blend035,blend03,blend04"
African Cup of Nations,2022,2022-01-09,Cameroon,Burkina Faso,2,1,0.3283854329652464,0.3741822880286123,0.2974322790061412,0.5837300166304283,0.2664445528941182,0.1498254304759085,0.2553445836649544,draw,home,True,0-0,0,0.1583384374516664,1-0,1,0.2466486786185709,1-0,1,0.2412540267796178,1-0,1,0.2358593749406632,1-0,1,0.2304647231017088,1-0,1,0.2250700712627528,1-0,1,0.2196754194237976,1-0,1,0.2142807675848429,1-0,1,0.2088861157458869,1-0,1,0.2034914639069308,1-0,1,0.1980968120679747,1-0,1,0.1927021602290181,1-0,1,0.17603681635232,1-0,1,0.138883951679975,1-0,1,0.1017310870076281,1-0,1,0.0645782223352795,1-0,1,0.0274253576629286,0-0,0,0.009727507009423,0-0,0,0.0468803716817767,0-0,0,0.0840332363541318,0-0,0,0.1211861010264893,0-0,0,0.1583389656988478,1,1,16,"blend005,blend00,blend015,blend01,blend025,blend02,blend035,blend03,blend045,blend04,blend055,blend05,blend065,blend06,blend075,blend07"
African Cup of Nations,2024,2024-01-28,Egypt,DR Congo,1,1,0.4770242941015,0.3328953973444578,0.190080308554042,0.3653756161754969,0.336093999476099,0.2985303843479104,0.1116486779257563,home,home,False,1-0,0,0.1115293921744188,0-0,1,0.0458909957343626,0-0,1,0.0352599699774059,0-0,1,0.0246289442204495,0-0,1,0.0139979184634936,0-0,1,0.0033668927065387,1-0,0,0.0072641330504162,1-0,0,0.0178951588073705,1-0,0,0.0285261845643237,1-0,0,0.0391572103212776,1-0,0,0.04978823607823,1-0,0,0.0604192618351819,1-0,0,0.0710502875921332,1-0,0,0.0816813133490842,1-0,0,0.0923123391060349,1-0,0,0.1029433648629847,1-0,0,0.1050055934342508,1-0,0,0.1063108059902095,1-0,0,0.1076160185461683,1-0,0,0.1089212311021268,1-0,0,0.1102264436580851,1-0,0,0.1115316562140436,1,1,5,"blend005,blend00,blend015,blend01,blend02"
African Cup of Nations,2024,2024-01-27,Nigeria,Cameroon,2,0,0.3069593010902063,0.3448393656968064,0.3482013332129873,0.4793488122708192,0.3070752537235995,0.2135759340050746,0.1723895111808661,away,home,True,0-0,0,0.0478542884386981,1-0,1,0.1708232911006741,1-0,1,0.1677516089667761,1-0,1,0.1646799268328782,1-0,1,0.1616082446989807,1-0,1,0.1585365625650829,1-0,1,0.1554648804311857,1-0,1,0.1523931982972886,1-0,1,0.1493215161633917,1-0,1,0.1307218925602374,1-0,1,0.1102057543901794,1-0,1,0.0896896162201229,1-0,1,0.0691734780500675,1-0,1,0.0486573398800129,1-0,1,0.0281412017099589,1-0,1,0.0076250635399073,0-0,0,0.0128910746301441,0-0,0,0.0334072128001948,0-0,0,0.053923350970244,0-0,0,0.0656253536324876,0-0,0,0.0567400001501269,0-0,0,0.0478546466677654,1,1,15,"blend005,blend00,blend015,blend01,blend025,blend02,blend035,blend03,blend045,blend04,blend055,blend05,blend065,blend06,blend07"
African Cup of Nations,2024,2024-01-27,Angola,Namibia,3,0,0.350568569745021,0.3686406428591175,0.2807907873958615,0.4242773518912927,0.3223770331779525,0.2533456149312257,0.0737087821460362,draw,home,True,0-0,0,0.1070285762738342,1-0,1,0.1411192802054726,1-0,1,0.1287118686525918,1-0,1,0.1163044570997102,1-0,1,0.1038970455468277,1-0,1,0.0914896339939455,1-0,1,0.079082222441062,1-0,1,0.0666748108881783,1-0,1,0.0542673993352942,1-0,1,0.041859987782409,1-0,1,0.0294525762295233,1-0,1,0.0170451646766371,1-0,1,0.0046377531237508,0-0,0,0.0077696584291364,0-0,0,0.020177069982024,0-0,0,0.032584481534913,0-0,0,0.0449918930878021,0-0,0,0.0573993046406917,0-0,0,0.069806716193582,0-0,0,0.0822141277464723,0-0,0,0.0946215392993641,0-0,0,0.1070289508522557,1,1,12,"blend005,blend00,blend015,blend01,blend025,blend02,blend035,blend03,blend045,blend04,blend055,blend05"
African Cup of Nations,2024,2024-01-20,Mauritania,Angola,2,3,0.238341342354391,0.3697056040057307,0.3919530536398782,0.2915514384427717,0.3313690699653467,0.3770794915923799,0.0532100960881315,away,away,False,0-0,0,0.0452489940756647,0-1,1,0.0105753312871818,0-1,1,0.0077841048981708,0-1,1,0.0049928785091595,0-1,1,0.0022016521201475,0-0,0,0.0005895742688641,0-0,0,0.0033808006578754,0-0,0,0.0061720270468879,0-0,0,0.0089632534359003,0-0,0,0.0117544798249124,0-0,0,0.0145457062139249,0-0,0,0.0173369326029376,0-0,0,0.0201281589919508,0-0,0,0.0229193853809631,0-0,0,0.0257106117699765,0-0,0,0.0285018381589892,0-0,0,0.031293064548003,0-0,0,0.0340842909370162,0-0,0,0.0368755173260297,0-0,0,0.0396667437150437,0-0,0,0.0424579701040572,0-0,0,0.0452491964930712,1,1,4,"blend005,blend00,blend015,blend01"
African Cup of Nations,2024,2024-01-19,Senegal,Cameroon,3,1,0.4004590559795787,0.3654422854288594,0.2340986585915617,0.5205808250585042,0.2974178409642151,0.1820013339777455,0.120121769078693,home,home,False,0-0,0,0.0210425904816882,1-0,1,0.1989882153139364,1-0,1,0.1966924319025291,1-0,1,0.1943966484911213,1-0,1,0.1921008650797139,1-0,1,0.1898050816683063,1-0,1,0.1875092982568987,1-0,1,0.1852135148454907,1-0,1,0.1829177314340828,1-0,1,0.1806219480226748,1-0,1,0.1783261646112667,1-0,1,0.1722819895077694,1-0,1,0.1529495202611969,1-0,1,0.133617051014623,1-0,1,0.1142845817680489,1-0,1,0.0949521125214738,1-0,1,0.0756196432748975,1-0,1,0.0562871740283207,1-0,1,0.0369547047817429,1-0,1,0.0176222355351639,0-0,0,0.0017102337114156,0-0,0,0.0210427029579962,1,1,19,"blend005,blend00,blend015,blend01,blend025,blend02,blend035,blend03,blend045,blend04,blend055,blend05,blend065,blend06,blend075,blend07,blend085,blend08,blend09"
African Cup of Nations,2024,2024-01-18,Equatorial Guinea,Guinea-Bissau,4,2,0.367019043805156,0.3625249088666666,0.2704560473281774,0.3962620894759648,0.3135433215295908,0.2901945889939432,0.0489815873368251,home,home,False,0-0,0,0.0642495417514708,1-0,1,0.0990918478500946,1-0,1,0.090924763539529,1-0,1,0.0827576792289642,1-0,1,0.0745905949183998,1-0,1,0.066423510607836,1-0,1,0.0582564262972721,1-0,1,0.0500893419867093,1-0,1,0.0419222576761462,1-0,1,0.0337551733655843,1-0,1,0.0255880890550221,1-0,1,0.0174210047444604,1-0,1,0.0092539204338996,1-0,1,0.0010868361233389,0-0,0,0.0070802481872214,0-0,0,0.0152473324977812,0-0,0,0.023414416808341,0-0,0,0.0315815011188997,0-0,0,0.0397485854294591,0-0,0,0.0479156697400169,0-0,0,0.0560827540505748,0-0,0,0.0642498383611325,1,1,13,"blend005,blend00,blend015,blend01,blend025,blend02,blend035,blend03,blend045,blend04,blend055,blend05,blend06"
African Cup of Nations,2024,2024-01-17,DR Congo,Zambia,1,1,0.3742032402703496,0.290878977053524,0.3349177826761264,0.3816160055319116,0.3214709348564652,0.2969130596111071,0.0380047230647612,home,home,False,1-0,0,0.0004343852922676,1-1,3,0.0073754697655413,1-1,3,0.0050097371730758,1-1,3,0.0026440045806112,1-1,3,0.0002782719881464,1-0,0,0.000441294762387,1-0,0,0.000440864490536,1-0,0,0.0004404342186851,1-0,0,0.0004400039468339,1-0,0,0.0004395736749829,1-0,0,0.0004391434031318,1-0,0,0.0004387131312808,1-0,0,0.0004382828594298,1-0,0,0.0004378525875787,1-0,0,0.0004374223157276,1-0,0,0.0004369920438767,1-0,0,0.0004365617720255,1-0,0,0.0004361315001746,1-0,0,0.0004357012283237,1-0,0,0.0004352709564725,1-0,0,0.0004348406846215,1-0,0,0.0004344104127703,3,3,4,"blend005,blend00,blend015,blend01"
African Cup of Nations,2025,2025-12-29,Angola,Egypt,0,0,0.2009005196377643,0.361531272267571,0.4375682080946647,0.3275138576563408,0.3195844850418777,0.3529016573012965,0.1266133380188189,away,away,False,0-1,0,0.04358754204544,0-0,3,0.003670318033636,0-0,3,0.0223464197384091,0-0,3,0.0211097659120972,0-0,3,0.0175154542969546,0-0,3,0.0139211426818121,0-0,3,0.0103268310666704,0-0,3,0.0067325194515279,0-0,3,0.0031382078363865,0-1,0,0.0004561037787548,0-1,0,0.0040504153938962,0-1,0,0.0076447270090377,0-1,0,0.0112390386241786,0-1,0,0.0148333502393197,0-1,0,0.0184276618544603,0-1,0,0.0220219734696008,0-1,0,0.0256162850847413,0-1,0,0.0292105966998811,0-1,0,0.0328049083150217,0-1,0,0.0363992199301613,0-1,0,0.0399935315453008,0-1,0,0.0435878431604402,3,3,8,"blend005,blend00,blend015,blend01,blend025,blend02,blend035,blend03"
African Cup of Nations,2025,2025-12-27,Nigeria,Tunisia,3,2,0.2906232778422,0.3493090400644023,0.3600676820933977,0.454293847054367,0.3162094102652321,0.2294967426799093,0.1636705692124128,away,home,True,0-0,0,0.040004456089042,1-0,1,0.1985732261560179,1-0,1,0.1949961809058975,1-0,1,0.1914191356557774,1-0,1,0.1801748131595156,1-0,1,0.1603692939455574,1-0,1,0.1405637747316001,1-0,1,0.1207582555176439,1-0,1,0.1009527363036886,1-0,1,0.0811472170897344,1-0,1,0.0613416978757813,1-0,1,0.041536178661829,1-0,1,0.0217306594478777,1-0,1,0.0019251402339273,0-0,0,0.0178803789800215,0-0,0,0.0376858981939696,0-0,0,0.0574914174079173,0-0,0,0.0765357940373216,0-0,0,0.0674030182169076,0-0,0,0.0582702423964941,0-0,0,0.049137466576081,0-0,0,0.0400046907556687,1,1,13,"blend005,blend00,blend015,blend01,blend025,blend02,blend035,blend03,blend045,blend04,blend055,blend05,blend06"
African Cup of Nations,2025,2025-12-26,Egypt,South Africa,1,0,0.3898005397313112,0.3615149306221859,0.2486845296465028,0.4834095425222157,0.3074614157298916,0.2091290417483919,0.0936090027906548,home,home,False,0-0,0,0.0262625698911173,1-0,3,0.1901107484063737,1-0,3,0.18827006509205,1-0,3,0.1864293817777264,1-0,3,0.1845886984634028,1-0,3,0.182748015149079,1-0,3,0.1809073318347552,1-0,3,0.1790666485204314,1-0,3,0.1709949870404429,1-0,3,0.155821318909791,1-0,3,0.1406476507791381,1-0,3,0.1254739826484844,1-0,3,0.1103003145178302,1-0,3,0.0951266463871751,1-0,3,0.0799529782565197,1-0,3,0.0647793101258629,1-0,3,0.0496056419952058,1-0,3,0.0344319738645477,1-0,3,0.0192583057338888,1-0,3,0.0040846376032294,0-0,0,0.0110890305274309,0-0,0,0.0262626986580921,3,3,19,"blend005,blend00,blend015,blend01,blend025,blend02,blend035,blend03,blend045,blend04,blend055,blend05,blend065,blend06,blend075,blend07,blend085,blend08,blend09"
African Cup of Nations,2026,2026-01-14,Senegal,Egypt,1,0,0.4212592263846298,0.377786259615151,0.2009545140002192,0.487353337664533,0.312296246618897,0.2003504157170459,0.0660941112796652,home,home,False,0-0,0,0.0242340605811066,1-0,3,0.1936680716486256,1-0,3,0.1923548233245038,1-0,3,0.1910415750003816,1-0,3,0.1897283266762596,1-0,3,0.1884150783521376,1-0,3,0.1860196637175164,1-0,3,0.1720027400616018,1-0,3,0.1579858164056861,1-0,3,0.1439688927497697,1-0,3,0.1299519690938527,1-0,3,0.1159350454379347,1-0,3,0.1019181217820164,1-0,3,0.0879011981260968,1-0,3,0.0738842744701775,1-0,3,0.0598673508142574,1-0,3,0.0458504271583363,1-0,3,0.0318335035024149,1-0,3,0.017816579846492,1-0,3,0.0037996561905692,0-0,0,0.0102172674653547,0-0,0,0.0242341911212787,3,3,19,"blend005,blend00,blend015,blend01,blend025,blend02,blend035,blend03,blend045,blend04,blend055,blend05,blend065,blend06,blend075,blend07,blend085,blend08,blend09"
African Cup of Nations,2026,2026-01-04,South Africa,Cameroon,1,2,0.3107313478697716,0.3406217177329659,0.3486469343972626,0.2841814746430235,0.3348785533730428,0.3809399719844386,0.0322930375869235,away,away,False,0-0,0,0.038662816663159,0-1,1,0.0318698722817524,0-1,1,0.0283432162476771,0-1,1,0.0248165602136025,0-1,1,0.0212899041795272,0-1,1,0.0177632481454522,0-1,1,0.0142365921113762,0-1,1,0.0107099360773003,0-1,1,0.0071832800432252,0-1,1,0.0036566240091487,0-1,1,0.0001299679750723,0-0,0,0.003396688059004,0-0,0,0.0069233440930804,0-0,0,0.0104500001271573,0-0,0,0.0139766561612341,0-0,0,0.0175033121953114,0-0,0,0.0210299682293886,0-0,0,0.0245566242634663,0-0,0,0.0280832802975437,0-0,0,0.0316099363316219,0-0,0,0.0351365923656999,0-0,0,0.0386632483997781,1,1,10,"blend005,blend00,blend015,blend01,blend025,blend02,blend035,blend03,blend045,blend04"
Copa América,2011,2011-07-12,Uruguay,Mexico,1,0,0.3409788755005818,0.266369764909534,0.3926513595898842,0.6859130613893288,0.216370794767048,0.0977161438440903,0.3449341858885134,away,home,True,1-2,0,0.0168638047293961,2-1,1,0.0414092976771025,2-1,1,0.0403680955782874,2-1,1,0.0393268934794726,2-1,1,0.0382856913806575,2-1,1,0.0372444892818424,2-1,1,0.0362032871830272,2-1,1,0.035162085084212,2-1,1,0.0341208829853967,2-1,1,0.0330796808865816,2-1,1,0.0320384787877661,2-1,1,0.0309972766889508,2-1,1,0.0299560745901353,2-1,1,0.0289148724913198,2-1,1,0.0278736703925044,2-1,1,0.0268324682936887,2-1,1,0.0257912661948732,2-1,1,0.0247500640960574,2-1,1,0.0237088619972416,2-1,1,0.0226676598984258,1-2,0,0.0162326457294591,1-2,0,0.0168660832273772,1,1,19,"blend005,blend00,blend015,blend01,blend025,blend02,blend035,blend03,blend045,blend04,blend055,blend05,blend065,blend06,blend075,blend07,blend085,blend08,blend09"
Copa América,2011,2011-07-08,Peru,Mexico,1,0,0.1695237045222782,0.2404094886652043,0.5900668068125174,0.3923646049860308,0.289612710572881,0.3180226844405794,0.2720441223716836,away,home,True,0-2,0,0.025431288816859,1-0,3,0.0333337288866629,1-0,3,0.0323871452669213,1-0,3,0.0314405616471794,1-0,3,0.0304939780274378,1-0,3,0.0262702426225792,0-2,0,0.0145964748320506,0-2,0,0.0172306731231282,0-2,0,0.0178171448464583,0-2,0,0.0184036165697887,0-2,0,0.0189900882931188,0-2,0,0.0195765600164489,0-2,0,0.020163031739779,0-2,0,0.0207495034631093,0-2,0,0.0213359751864392,0-2,0,0.0219224469097693,0-2,0,0.0225089186330993,0-2,0,0.0230953903564292,0-2,0,0.0236818620797591,0-2,0,0.0242683338030892,0-2,0,0.0248548055264188,0-2,0,0.0254412772497487,3,3,5,"blend005,blend00,blend015,blend01,blend02"
Copa América,2011,2011-07-04,Chile,Mexico,2,1,0.2701419738517345,0.2820476741499589,0.4478103519983067,0.5951286777055624,0.2502368630609344,0.1546344592339866,0.3249867038535862,away,home,True,0-1,0,0.0017887127336793,1-0,1,0.0450145052430117,1-0,1,0.0437854335957739,1-0,1,0.0425563619485356,1-0,1,0.0413272903012973,1-0,1,0.040098218654059,1-0,1,0.0388691470068207,1-0,1,0.0376400753595822,1-0,1,0.0364110037123437,1-0,1,0.0351819320651052,1-0,1,0.0339528604178664,1-0,1,0.0327237887706277,1-0,1,0.031494717123389,1-0,1,0.0302656454761504,1-0,1,0.0290365738289114,1-0,1,0.0278075021816726,1-0,1,0.0048366143589589,0-1,0,0.0015546286488112,0-1,0,0.0016131857810657,0-1,0,0.0016717429133201,0-1,0,0.0017303000455747,0-1,0,0.0017888571778291,1,1,16,"blend005,blend00,blend015,blend01,blend025,blend02,blend035,blend03,blend045,blend04,blend055,blend05,blend065,blend06,blend075,blend07"
Copa América,2015,2015-07-03,Peru,Paraguay,2,0,0.3226292507956953,0.3253442097689288,0.3520265394353758,0.3685755346278441,0.2771084658152092,0.3543159995574515,0.048235743953972,away,home,True,0-1,0,0.0049977797217337,1-0,1,0.0340601485960815,1-0,1,0.0300708167095407,1-0,1,0.0260814848229994,1-0,1,0.0220921529364581,1-0,1,0.0181028210499167,1-0,1,0.014113489163375,1-0,1,0.0101241572768326,1-0,1,0.0061348253902909,1-0,1,0.0021454935037482,0-1,0,0.0018438383827944,0-1,0,0.0058331702693373,0-1,0,0.0098225021558804,0-1,0,0.0138118340424232,0-1,0,0.0178011659289668,0-1,0,0.0217904978155103,0-1,0,0.0257798297020541,0-1,0,0.0245040022260921,0-1,0,0.0196274652994338,0-1,0,0.0147509283727756,0-1,0,0.0098743914461171,0-1,0,0.0049978545194582,1,1,9,"blend005,blend00,blend015,blend01,blend025,blend02,blend035,blend03,blend04"
Copa América,2015,2015-06-24,Chile,Uruguay,1,0,0.3441113348803846,0.2794108068845876,0.3764778582350278,0.5603855588166416,0.2638397581402917,0.1757746830435714,0.2162742239360046,away,home,True,1-2,0,0.0137971668317757,2-1,1,0.0268598938505093,2-1,1,0.0263415808242253,2-1,1,0.0258232677979415,2-1,1,0.0253049547716573,2-1,1,0.0247866417453732,2-1,1,0.0242683287190892,2-1,1,0.0237500156928052,2-1,1,0.0232317026665209,2-1,1,0.0227133896402369,2-1,1,0.0221950766139527,2-1,1,0.0216767635876684,2-1,1,0.0211584505613842,2-1,1,0.0206401375350999,2-1,1,0.0201218245088155,2-1,1,0.0196035114825313,2-1,1,0.019085198456247,2-1,1,0.0185668854299626,2-1,1,0.0180485724036782,2-1,1,0.0175302593773939,1-2,0,0.0134306396978368,1-2,0,0.0137984423633108,1,1,19,"blend005,blend00,blend015,blend01,blend025,blend02,blend035,blend03,blend045,blend04,blend055,blend05,blend065,blend06,blend075,blend07,blend085,blend08,blend09"
Copa América,2016,2016-06-22,Colombia,Chile,0,2,0.3790820408564013,0.3167110081657936,0.304206950977805,0.3108098709537175,0.2982542752222876,0.3909358538234949,0.0867289028459399,home,away,True,1-0,0,0.0677245979642627,0-1,1,0.1025863331723411,0-1,1,0.1014483971099406,0-1,1,0.1003104610475407,0-1,1,0.0991725249851407,0-1,1,0.0980345889227406,0-1,1,0.0958342181069831,0-1,1,0.0817161520062167,0-1,1,0.0675980859054508,0-1,1,0.0534800198046858,0-1,1,0.0393619537039214,0-1,1,0.0252438876031579,0-1,1,0.0111258215023958,1-0,0,0.002992244598366,1-0,0,0.017110310699127,1-0,0,0.0312283767998875,1-0,0,0.0453464429006471,1-0,0,0.0504167218508841,1-0,0,0.0547439873284452,1-0,0,0.059071252806006,1-0,0,0.0633985182835663,1-0,0,0.067725783761127,1,1,12,"blend005,blend00,blend015,blend01,blend025,blend02,blend035,blend03,blend045,blend04,blend055,blend05"
Copa América,2016,2016-06-05,Mexico,Uruguay,3,1,0.3184536341588107,0.2806276906011365,0.400918675240053,0.3890313812138194,0.3198906430885172,0.2910779756971544,0.109840699542644,away,home,True,1-2,0,0.0034782811165267,1-0,1,0.0066646943161072,1-0,1,0.006604239153316,1-0,1,0.006543783990525,1-0,1,0.0064833288277339,1-0,1,0.0064228736649428,1-0,1,0.0063624185021518,1-0,1,0.0063019633393607,1-0,1,0.0050365749472537,1-0,1,0.0030429304008757,1-0,1,0.0010492858544981,1-1,0,0.0009443586918792,1-1,0,0.0029380032382565,1-1,0,0.0036919731339162,1-2,0,0.0031449729989416,1-2,0,0.00319262408896,1-2,0,0.0032402751789784,1-2,0,0.0032879262689967,1-2,0,0.0033355773590149,1-2,0,0.0033832284490332,1-2,0,0.0034308795390516,1-2,0,0.0034785306290698,1,1,10,"blend005,blend00,blend015,blend01,blend025,blend02,blend035,blend03,blend045,blend04"
Copa América,2019,2019-06-24,Chile,Uruguay,0,1,0.3729494692492249,0.2813651601184231,0.3456853706323519,0.2827473672964089,0.2801224434558863,0.4371301892481872,0.091444818615594,home,away,True,2-1,0,0.012196424859925,1-2,1,0.0133535104239966,1-2,1,0.0132138370076281,1-2,1,0.0130741635912592,1-2,1,0.0129344901748904,1-2,1,0.0127948167585216,1-2,1,0.0126551433421531,1-2,1,0.0125154699257842,1-2,1,0.0123757965094154,1-2,1,0.0122361230930465,1-2,1,0.0120964496766776,1-2,1,0.0119567762603089,1-2,1,0.0118171028439402,1-2,1,0.0116774294275713,1-2,1,0.0115377560112024,1-2,1,0.0113980825948336,1-2,1,0.0112584091784647,1-2,1,0.0111187357620959,1-2,1,0.0034242961569144,2-1,0,0.0112822056027729,2-1,0,0.0120498701749887,2-1,0,0.0121973739061043,1,1,18,"blend005,blend00,blend015,blend01,blend025,blend02,blend035,blend03,blend045,blend04,blend055,blend05,blend065,blend06,blend075,blend07,blend085,blend08"
Copa América,2021,2021-07-02,Peru,Paraguay,3,3,0.407876156607053,0.351835386293417,0.2402884570995298,0.334230728296568,0.3457874171626734,0.3199818545402532,0.079693397440976,home,draw,True,1-0,0,0.0060953016505362,0-0,1,0.0214560640088796,0-0,1,0.021474827793556,0-0,1,0.0214935915782323,0-0,1,0.0215123553629089,0-0,1,0.0215311191475854,0-0,1,0.0215498829322619,0-0,1,0.0215686467169382,0-0,1,0.0215874105016147,0-0,1,0.021606174286291,0-0,1,0.0216249380709674,0-0,1,0.0216437018556439,0-0,1,0.0216624656403203,0-0,1,0.0216812294249968,0-0,1,0.0216999932096733,0-0,1,0.0217187569943496,0-0,1,0.021737520779026,0-0,1,0.0163719137042669,0-0,1,0.0107550685252773,0-0,1,0.0051382233462881,1-0,0,0.0004786218327007,1-0,0,0.0060954670116893,1,1,19,"blend005,blend00,blend015,blend01,blend025,blend02,blend035,blend03,blend045,blend04,blend055,blend05,blend065,blend06,blend075,blend07,blend085,blend08,blend09"
Copa América,2021,2021-06-27,Venezuela,Peru,0,1,0.2541204519068784,0.3542149501439279,0.3916645979491937,0.2523819526776324,0.3262960008624111,0.4213220464604462,0.0296574485110076,away,away,False,0-0,0,0.0199489453776213,0-1,3,0.0254282099094574,0-1,3,0.0253387135452803,0-1,3,0.025249217181103,0-1,3,0.025159720816926,0-1,3,0.0250702244527487,0-1,3,0.0249807280885716,0-1,3,0.0248912317243942,0-1,3,0.024801735360217,0-1,3,0.0247122389960399,0-1,3,0.0246227426318628,0-1,3,0.0245332462676853,0-1,3,0.0244437499035081,0-1,3,0.0199603614610351,0-1,3,0.0147560770344912,0-1,3,0.009551792607947,0-1,3,0.0043475081814023,0-0,0,0.0008567762451419,0-0,0,0.0060610606716867,0-0,0,0.0112653450982318,0-0,0,0.0164696295247778,0-0,0,0.0199494157323437,3,3,16,"blend005,blend00,blend015,blend01,blend025,blend02,blend035,blend03,blend045,blend04,blend055,blend05,blend065,blend06,blend075,blend07"
Copa América,2024,2024-07-06,Uruguay,Brazil,0,0,0.1824386805214357,0.3122013364402098,0.5053599830383546,0.3095027780469875,0.3357147666504229,0.3547824553030748,0.1505775277355224,away,away,False,0-1,0,0.0658170932271886,0-0,3,0.0610548900225654,0-0,3,0.0500370743843903,0-0,3,0.0344898765747443,0-0,3,0.0189426787650975,0-0,3,0.00339548095545,0-1,0,0.0121517168541975,0-1,0,0.0276989146638467,0-1,0,0.0432461124734964,0-1,0,0.054052906003065,0-1,0,0.0550334950214788,0-1,0,0.0560140840398929,0-1,0,0.056994673058307,0-1,0,0.0579752620767211,0-1,0,0.0589558510951353,0-1,0,0.0599364401135494,0-1,0,0.0609170291319638,0-1,0,0.0618976181503782,0-1,0,0.0628782071687925,0-1,0,0.063858796187207,0-1,0,0.0648393852056213,0-1,0,0.0658199742240358,3,3,5,"blend005,blend00,blend015,blend01,blend02"
Copa América,2024,2024-07-05,Venezuela,Canada,1,1,0.4059324565337057,0.3021839874336134,0.2918835560326808,0.3491280294308789,0.3265916280394605,0.3242803425301584,0.0568044271030757,home,home,False,1-0,0,0.0191525078029927,1-1,3,0.0405728223614232,1-1,3,0.0404212130148362,1-1,3,0.0367612757571473,1-1,3,0.0297448899723161,1-1,3,0.0227285041874856,1-1,3,0.0157121184026537,1-1,3,0.008695732617822,1-1,3,0.0016793468329899,1-0,0,0.0053370389518426,1-0,0,0.0123534247366756,1-0,0,0.0178132481249621,1-0,0,0.0179472600847179,1-0,0,0.0180812720444736,1-0,0,0.0182152840042294,1-0,0,0.0183492959639852,1-0,0,0.0184833079237407,1-0,0,0.0186173198834966,1-0,0,0.0187513318432523,1-0,0,0.0188853438030081,1-0,0,0.019019355762764,1-0,0,0.0191533677225198,3,3,8,"blend005,blend00,blend015,blend01,blend025,blend02,blend035,blend03"
Copa América,2024,2024-07-01,Bolivia,Panama,1,3,0.3618525967352277,0.2766700882836395,0.3614773149811327,0.1399793432547158,0.2345219054111036,0.625498751333708,0.2640214363528115,home,away,True,2-1,0,0.0005547517519848,1-2,1,0.0307816543481227,1-2,1,0.0301320114370078,1-2,1,0.0294823685258925,1-2,1,0.0288327256147772,1-2,1,0.0281830827036622,1-2,1,0.0275334397925467,1-2,1,0.0268837968814317,1-2,1,0.0262341539703164,1-2,1,0.0255845110592014,1-2,1,0.0249348681480863,1-2,1,0.024285225236971,1-2,1,0.0236355823258562,1-2,1,0.0229859394147409,1-2,1,0.022336296503626,1-2,1,0.021686653592511,1-2,1,0.0210370106813961,1-2,1,0.0203873677702812,1-2,1,0.0197377248591664,1-2,1,0.0190880819480516,1-2,1,0.0184384390369368,2-1,0,0.0005548161162132,1,1,20,"blend005,blend00,blend015,blend01,blend025,blend02,blend035,blend03,blend045,blend04,blend055,blend05,blend065,blend06,blend075,blend07,blend085,blend08,blend095,blend09"
Copa América,2024,2024-06-25,Peru,Canada,0,1,0.4596806829462002,0.2930606989901217,0.2472586180636779,0.2711949726846202,0.2968235558225241,0.431981471492361,0.1884857102613327,home,away,True,1-0,0,0.0041335413940761,0-1,3,0.0479580837757063,0-1,3,0.0469326978894288,0-1,3,0.0459073120031516,0-1,3,0.0448819261168746,0-1,3,0.0438565402305977,0-1,3,0.0428311543443209,0-1,3,0.0418057684580437,0-1,3,0.0407803825717669,0-1,3,0.0397549966854899,0-1,3,0.0381563717097231,0-1,3,0.0068216772483081,1-0,0,0.0033710842815601,1-0,0,0.0034558356064564,1-0,0,0.0035405869313528,1-0,0,0.0036253382562492,1-0,0,0.0037100895811454,1-0,0,0.0037948409060418,1-0,0,0.0038795922309381,1-0,0,0.0039643435558345,1-0,0,0.004049094880731,1-0,0,0.0041338462056272,3,3,11,"blend005,blend00,blend015,blend01,blend025,blend02,blend035,blend03,blend045,blend04,blend05"
Gold Cup,2015,2015-07-11,Jamaica,Canada,1,0,0.3226779120265111,0.3819510962656346,0.2953709917078543,0.3952455787952438,0.3168529155670902,0.287901505637191,0.0725676667689702,draw,home,True,0-0,0,0.2006291438756769,1-0,3,0.1122640431840779,1-0,3,0.0966193742149386,1-0,3,0.0809747052458002,1-0,3,0.0653300362766624,1-0,3,0.0496853673075253,1-0,3,0.034040698338389,1-0,3,0.0183960293692532,1-0,3,0.0027513604001185,0-0,0,0.0128933085690157,0-0,0,0.0285379775381491,0-0,0,0.0441826465072817,0-0,0,0.0598273154764134,0-0,0,0.0754719844455449,0-0,0,0.0911166534146747,0-0,0,0.1067613223838048,0-0,0,0.1224059913529338,0-0,0,0.1380506603220619,0-0,0,0.1536953292911894,0-0,0,0.1693399982603158,0-0,0,0.1849846672294417,0-0,0,0.200629336198567,3,3,8,"blend005,blend00,blend015,blend01,blend025,blend02,blend035,blend03"
Gold Cup,2015,2015-07-09,Trinidad and Tobago,Guatemala,3,1,0.3219250535961498,0.299298128478996,0.3787768179248541,0.3644240466604032,0.3144987447274796,0.3210772086116271,0.0576996093129819,away,home,True,0-1,0,0.088960235643423,1-0,1,0.0797587318778851,1-0,1,0.0772039938575446,1-0,1,0.0746492558372043,1-0,1,0.0702592548620039,1-0,1,0.0608933264190399,1-0,1,0.0515273979760769,1-0,1,0.0421614695331142,1-0,1,0.0327955410901522,1-0,1,0.0234296126471905,1-0,1,0.0140636842042294,1-0,1,0.0046977557612685,0-1,0,0.0046681726816922,0-1,0,0.0140341011246518,0-1,0,0.0234000295676112,0-1,0,0.0327659580105694,0-1,0,0.0421318864535287,0-1,0,0.0514978148964865,0-1,0,0.0608637433394442,0-1,0,0.0702296717824012,0-1,0,0.0795956002253581,0-1,0,0.088961528668314,1,1,11,"blend005,blend00,blend015,blend01,blend025,blend02,blend035,blend03,blend045,blend04,blend05"
Gold Cup,2017,2017-07-14,Canada,Honduras,0,0,0.243658501332153,0.3444075193004943,0.4119339793673527,0.2540806849248712,0.388476472199096,0.3574428428764994,0.0544911364910866,away,draw,True,0-1,0,0.0520477940577276,0-0,3,0.1480892008820751,0-0,3,0.1380823309791085,0-0,3,0.1280754610761411,0-0,3,0.1180685911731732,0-0,3,0.1080617212702051,0-0,3,0.0980548513672366,0-0,3,0.0880479814642672,0-0,3,0.078041111561298,0-0,3,0.0680342416583277,0-0,3,0.0580273717553568,0-0,3,0.0480205018523857,0-0,3,0.0380136319494146,0-0,3,0.0280067620464425,0-0,3,0.0179998921434703,0-0,3,0.0079930222404972,0-1,0,0.0020138476624764,0-1,0,0.0120207175654499,0-1,0,0.0220275874684247,0-1,0,0.0320344573713989,0-1,0,0.0420413272743747,0-1,0,0.0520481971773503,3,3,15,"blend005,blend00,blend015,blend01,blend025,blend02,blend035,blend03,blend045,blend04,blend055,blend05,blend065,blend06,blend07"
Gold Cup,2017,2017-07-08,Martinique,Nicaragua,2,0,0.3466044282390475,0.3483513096971161,0.3050442620638364,0.4511791692242292,0.3106049827366944,0.238215848038608,0.1045747409854158,draw,home,True,0-0,0,0.0586156633293563,1-0,1,0.1819416224093127,1-0,1,0.1798330922137997,1-0,1,0.1777245620182865,1-0,1,0.1756160318227738,1-0,1,0.1705756327357559,1-0,1,0.1562511594020735,1-0,1,0.1419266860683915,1-0,1,0.1276022127347104,1-0,1,0.1132777394010302,1-0,1,0.0989532660673503,1-0,1,0.0846287927336713,1-0,1,0.070304319399993,1-0,1,0.0559798460663152,1-0,1,0.041655372732638,1-0,1,0.0273308993989617,1-0,1,0.0130064260652859,0-0,0,0.001318047268389,0-0,0,0.0156425206020635,0-0,0,0.0299669939357372,0-0,0,0.0442914672694101,0-0,0,0.0586159406030823,1,1,16,"blend005,blend00,blend015,blend01,blend025,blend02,blend035,blend03,blend045,blend04,blend055,blend05,blend065,blend06,blend075,blend07"
Gold Cup,2019,2019-06-24,Bermuda,Nicaragua,2,0,0.2575096521005464,0.263589103223425,0.4789012446760285,0.4467755228266661,0.273653165671237,0.27957131150162,0.19932993317417,away,home,True,0-2,0,0.0004537486413188,1-0,1,0.0458536587713674,1-0,1,0.0448824179345324,1-0,1,0.0439111770976976,1-0,1,0.0429399362608625,1-0,1,0.0419686954240278,1-0,1,0.040997454587193,1-0,1,0.0400262137503584,1-0,1,0.0390549729135236,1-0,1,0.0380837320766891,1-0,1,0.0371124912398544,1-0,1,0.0119440306738265,0-2,0,0.0003688031010307,0-2,0,0.0003782472137466,0-2,0,0.0003876913264627,0-2,0,0.000397135439179,0-2,0,0.000406579551895,0-2,0,0.0004160236646111,0-2,0,0.0004254677773273,0-2,0,0.0004349118900435,0-2,0,0.0004443560027596,0-2,0,0.0004538001154756,1,1,11,"blend005,blend00,blend015,blend01,blend025,blend02,blend035,blend03,blend045,blend04,blend05"
Gold Cup,2019,2019-06-21,El Salvador,Jamaica,0,0,0.2952919894689546,0.3062204537374351,0.3984875567936102,0.2929545360950523,0.3569128053971087,0.3501326585083014,0.0506923516594423,away,draw,True,0-1,0,0.0841487474464349,0-0,3,0.0309996418879169,0-0,3,0.0307794978185337,0-0,3,0.0305593537491507,0-0,3,0.0303392096797675,0-0,3,0.0230555148847464,0-0,3,0.0138042810529933,0-0,3,0.0045530472212387,0-1,0,0.0046981866105159,0-1,0,0.0139494204422706,0-1,0,0.0232006542740262,0-1,0,0.032451888105782,0-1,0,0.0417031219375384,0-1,0,0.0509543557692949,0-1,0,0.0602055896010521,0-1,0,0.0694568234328094,0-1,0,0.0787080572645676,0-1,0,0.0821080480624587,0-1,0,0.0826186135251918,0-1,0,0.0831291789879247,0-1,0,0.0836397444506581,0-1,0,0.0841503099133912,3,3,7,"blend005,blend00,blend015,blend01,blend025,blend02,blend03"
Gold Cup,2019,2019-06-17,Jamaica,Honduras,3,2,0.3002309033032198,0.3574908097326815,0.3422782869640986,0.4491425087784964,0.3027096513921638,0.2481478398288451,0.1489116054755239,draw,home,True,0-0,0,0.0913258829631658,1-0,1,0.2475258839971759,1-0,1,0.2434225675594817,1-0,1,0.2230738753182446,1-0,1,0.2015102220815715,1-0,1,0.1799465688448996,1-0,1,0.1583829156082289,1-0,1,0.1368192623715588,1-0,1,0.1152556091348903,1-0,1,0.0936919558982227,1-0,1,0.0721283026615564,1-0,1,0.0505646494248906,1-0,1,0.0290009961882263,1-0,1,0.0074373429515632,0-0,0,0.0141263102850992,0-0,0,0.0356899635217605,0-0,0,0.0572536167584206,0-0,0,0.0788172699950793,0-0,0,0.1003809232317374,0-0,0,0.0984394944359023,0-0,0,0.0948828194245001,0-0,0,0.0913261444130982,1,1,13,"blend005,blend00,blend015,blend01,blend025,blend02,blend035,blend03,blend045,blend04,blend055,blend05,blend06"
Gold Cup,2021,2021-07-25,Costa Rica,Canada,0,2,0.4082909019957553,0.2606832197155832,0.3310258782886614,0.2753705901352095,0.3086237469595802,0.4160056629047101,0.1329203118602957,home,away,True,1-0,0,0.0328231262703323,0-1,1,0.0502194163059602,0-1,1,0.0497064863675267,0-1,1,0.0491935564290931,0-1,1,0.0486806264906596,0-1,1,0.0481676965522259,0-1,1,0.0476547666137925,0-1,1,0.0471418366753592,0-1,1,0.0466289067369257,0-1,1,0.0461159767984923,0-1,1,0.045603046860059,0-1,1,0.0450901169216256,0-1,1,0.0445771869831924,0-1,1,0.0379408505542722,0-1,1,0.01958416210116,0-1,1,0.0012274736480489,1-0,0,0.0171292148050611,1-0,0,0.03068778994039,1-0,0,0.0312221045223874,1-0,0,0.0317564191043849,1-0,0,0.0322907336863822,1-0,0,0.0328250482683796,1,1,15,"blend005,blend00,blend015,blend01,blend025,blend02,blend035,blend03,blend045,blend04,blend055,blend05,blend065,blend06,blend07"
Gold Cup,2021,2021-07-11,El Salvador,Guatemala,2,0,0.3280917602088886,0.3015947381569704,0.370313501634141,0.4683210316351407,0.317027194658214,0.2146517737061901,0.1556617279277233,away,home,True,0-1,0,0.0670514255738146,1-0,1,0.1727492678079161,1-0,1,0.1701629538984619,1-0,1,0.1675766399890079,1-0,1,0.1649903260795537,1-0,1,0.1624040121700997,1-0,1,0.1598176982606458,1-0,1,0.1572313843511924,1-0,1,0.1546450704417388,1-0,1,0.1520587565322854,1-0,1,0.1494724426228317,1-0,1,0.1468861287133787,1-0,1,0.1415548519546232,1-0,1,0.1295919156694185,1-0,1,0.1176289793842136,1-0,1,0.1019639854621383,1-0,1,0.073794620989284,1-0,1,0.0456252565164304,1-0,1,0.017455892043579,0-1,0,0.0107134724292717,0-1,0,0.0388828369021208,0-1,0,0.0670522013749685,1,1,18,"blend005,blend00,blend015,blend01,blend025,blend02,blend035,blend03,blend045,blend04,blend055,blend05,blend065,blend06,blend075,blend07,blend085,blend08"
Gold Cup,2023,2023-07-08,Panama,Qatar,4,0,0.282946872613042,0.2804218780182888,0.4366312493686692,0.564347299850405,0.2634717543130951,0.1721809458360502,0.2814004272375878,away,home,True,0-1,0,0.0222635696661226,1-0,1,0.0732687977442134,1-0,1,0.0714420971474467,1-0,1,0.0696153965506801,1-0,1,0.0677886959539136,1-0,1,0.0659619953571472,1-0,1,0.0641352947603809,1-0,1,0.0623085941636146,1-0,1,0.0604818935668485,1-0,1,0.0586551929700823,1-0,1,0.0568284923733164,1-0,1,0.0550017917765506,1-0,1,0.0531750911797848,1-0,1,0.0513483905830189,1-0,1,0.0495216899862532,1-0,1,0.0476949893894876,1-0,1,0.0109664889671439,0-1,0,0.019567928778713,0-1,0,0.0202421780980358,0-1,0,0.0209164274173586,0-1,0,0.0215906767366813,0-1,0,0.0222649260560042,1,1,16,"blend005,blend00,blend015,blend01,blend025,blend02,blend035,blend03,blend045,blend04,blend055,blend05,blend065,blend06,blend075,blend07"
Gold Cup,2023,2023-07-01,Cuba,Guadeloupe,1,4,0.4525514870022245,0.2756619129432542,0.2717866000545213,0.2171318561932684,0.2898675898523187,0.4930005539539487,0.2354196308087239,home,away,True,1-0,0,0.0129771470492359,0-1,1,0.0580398714248773,0-1,1,0.0567377198006296,0-1,1,0.0554355681763817,0-1,1,0.0541334165521343,0-1,1,0.0528312649278864,0-1,1,0.0515291133036388,0-1,1,0.0502269616793913,0-1,1,0.0489248100551438,0-1,1,0.0476226584308963,0-1,1,0.046320506806649,0-1,1,0.0450183551824014,0-1,1,0.0437162035581542,0-1,1,0.0424140519339072,0-1,1,0.0111179004677072,1-0,0,0.0109527508656074,1-0,0,0.0112903156400357,1-0,0,0.0116278804144641,1-0,0,0.0119654451888924,1-0,0,0.0123030099633205,1-0,0,0.0126405747377489,1-0,0,0.012978139512177,1,1,14,"blend005,blend00,blend015,blend01,blend025,blend02,blend035,blend03,blend045,blend04,blend055,blend05,blend065,blend06"
Gold Cup,2023,2023-06-26,Costa Rica,Panama,1,2,0.4201077420339065,0.3093854858123827,0.2705067721537108,0.2579530632114998,0.3231905387811063,0.4188563980069238,0.1621546788221716,home,away,True,1-0,0,0.0815280608598687,0-1,1,0.1414886440092007,0-1,1,0.1389830373739494,0-1,1,0.1364774307386986,0-1,1,0.1312897968040972,0-1,1,0.1184459422862099,0-1,1,0.1056020877683233,0-1,1,0.0927582332504375,0-1,1,0.0799143787325523,0-1,1,0.0670705242146675,0-1,1,0.0542266696967836,0-1,1,0.0413828151788997,0-1,1,0.0244618824704971,1-0,0,0.0042319917710329,1-0,0,0.032925866012561,1-0,0,0.0516271373614606,1-0,0,0.0674771570851064,1-0,0,0.0752359402726553,1-0,0,0.0768093977936504,1-0,0,0.0783828553146456,1-0,0,0.0799563128356406,1-0,0,0.0815297703566354,1,1,12,"blend005,blend00,blend015,blend01,blend025,blend02,blend035,blend03,blend045,blend04,blend055,blend05"
Gold Cup,2025,2025-07-06,United States,Mexico,1,2,0.2946790996505085,0.3409611475682869,0.3643597527812046,0.2882752128475921,0.3340918761217358,0.3776329110311598,0.0132731582497113,away,away,False,0-0,0,0.0153978089828894,0-1,1,0.0225687053046674,0-1,1,0.0206703707914406,0-1,1,0.0187720362782136,0-1,1,0.0168737017649863,0-1,1,0.014975367251759,0-1,1,0.0130770327385318,0-1,1,0.0111786982253045,0-1,1,0.0092803637120771,0-1,1,0.0073820291988496,0-1,1,0.0054836946856219,0-1,1,0.0035853601723939,0-1,1,0.0016870256591658,0-0,0,0.0002113088540617,0-0,0,0.0021096433672894,0-0,0,0.0040079778805179,0-0,0,0.0059063123937459,0-0,0,0.0078046469069742,0-0,0,0.0097029814202024,0-0,0,0.0116013159334311,0-0,0,0.0134996504466597,0-0,0,0.0153979849598886,1,1,12,"blend005,blend00,blend015,blend01,blend025,blend02,blend035,blend03,blend045,blend04,blend055,blend05"
UEFA Euro,2008,2008-06-18,Russia,Sweden,2,0,0.2600733204726215,0.3033865423229517,0.4365401372044267,0.3532373476175504,0.2864527534918065,0.3603098988901458,0.0931640271451775,away,away,False,0-1,0,0.0050626467086061,1-0,1,0.0286300775585159,1-0,1,0.0144140528587098,1-0,1,0.0001980281589044,0-1,0,0.0043114536929812,0-1,0,0.0043556592158987,0-1,0,0.0043998647388162,0-1,0,0.0044440702617337,0-1,0,0.0044882757846511,0-1,0,0.0045324813075686,0-1,0,0.004576686830486,0-1,0,0.0046208923534036,0-1,0,0.0046650978763209,0-1,0,0.0047093033992385,0-1,0,0.004753508922156,0-1,0,0.0047977144450734,0-1,0,0.0048419199679911,0-1,0,0.0048861254909083,0-1,0,0.0049303310138257,0-1,0,0.0049745365367436,0-1,0,0.0050187420596606,0-1,0,0.0050629475825781,1,1,3,"blend005,blend00,blend01"
UEFA Euro,2008,2008-06-17,France,Italy,0,2,0.3612664308375853,0.3765412860707494,0.2621922830916652,0.3447714455409711,0.2523879212963182,0.4028406331632067,0.1406483500712934,draw,away,True,0-0,0,0.111262198904882,0-1,1,0.1496809514045874,0-1,1,0.1335598745543829,0-1,1,0.1174387977041779,0-1,1,0.1013177208539717,0-1,1,0.0851966440037653,0-1,1,0.0690755671535575,0-1,1,0.0529544903033495,0-1,1,0.0368334134531401,0-1,1,0.0207123366029303,0-1,1,0.0045912597527195,1-0,0,0.0083614014547527,0-0,0,0.0036010015545221,0-0,0,0.0155634045637992,0-0,0,0.0275258075730762,0-0,0,0.0394882105823537,0-0,0,0.0514506135916315,0-0,0,0.0634130166009109,0-0,0,0.07537541961019,0-0,0,0.0873378226194699,0-0,0,0.0993002256287503,0-0,0,0.1112626286380316,1,1,10,"blend005,blend00,blend015,blend01,blend025,blend02,blend035,blend03,blend045,blend04"
UEFA Euro,2008,2008-06-11,Czech Republic,Portugal,1,3,0.3742772729237028,0.3014993525309113,0.3242233745453859,0.178480729383001,0.2873968970618398,0.5341223735546975,0.2098989990095424,home,away,True,2-1,0,0.004130171877686,0-1,1,0.0006755121950863,0-1,1,0.0006622390819768,0-1,1,0.0006489659688676,0-1,1,0.0006356928557585,0-1,1,0.0006224197426493,0-1,1,0.0006091466295401,0-1,1,0.0005958735164308,0-1,1,0.0005826004033214,0-1,1,0.0005693272902121,0-1,1,0.000556054177103,0-1,1,0.0005427810639937,0-1,1,0.0005295079508845,0-1,1,0.0005162348377754,0-1,1,0.000502961724666,0-1,1,0.0004896886115568,0-1,1,0.0004764154984476,0-1,1,0.0004631423853382,0-1,1,0.0004498692722292,1-1,0,0.0078320407189318,2-1,0,0.004022358174023,2-1,0,0.0041303953419071,1,1,18,"blend005,blend00,blend015,blend01,blend025,blend02,blend035,blend03,blend045,blend04,blend055,blend05,blend065,blend06,blend075,blend07,blend085,blend08"
UEFA Euro,2008,2008-06-14,Greece,Russia,0,1,0.3579289315716153,0.3192516949189045,0.3228193735094802,0.2898062251939401,0.2794506744020694,0.4307431004044674,0.1079237268947487,home,away,True,1-0,0,0.0040929645565507,0-1,3,0.0496488893745521,0-1,3,0.0490269069014194,0-1,3,0.0484049244282867,0-1,3,0.0477829419551538,0-1,3,0.047160959482021,0-1,3,0.0465389770088882,0-1,3,0.0459169945357553,0-1,3,0.0452950120626224,0-1,3,0.0446730295894894,0-1,3,0.0440510471163565,0-1,3,0.0434290646432236,0-1,3,0.0428070821700906,0-1,3,0.0421850996969574,0-1,3,0.0415631172238244,0-1,3,0.030489296039054,0-1,3,0.0173750864554413,0-1,3,0.0042608768718268,1-1,0,0.001997208122402,1-0,0,3.288584143146256e-05,1-0,0,0.0020629798052652,1-0,0,0.0040930737690992,3,3,17,"blend005,blend00,blend015,blend01,blend025,blend02,blend035,blend03,blend045,blend04,blend055,blend05,blend065,blend06,blend075,blend07,blend08"
UEFA Euro,2008,2008-06-13,Netherlands,France,4,1,0.2674934875502502,0.3791704699538079,0.3533360424959418,0.3568804600497006,0.3034691882400627,0.3396503517097458,0.0893869724996958,draw,home,True,0-0,0,0.1310920786537975,1-0,1,0.0612828893127521,1-0,1,0.0507007396524147,1-0,1,0.0342929154871658,1-0,1,0.0167514963781706,0-0,0,0.0007899227308235,0-0,0,0.0183313418398174,0-0,0,0.0336627522995433,0-0,0,0.0406220217482004,0-0,0,0.0475812911968572,0-0,0,0.0545405606455136,0-0,0,0.0614998300941695,0-0,0,0.0684590995428258,0-0,0,0.0754183689914811,0-0,0,0.0823776384401359,0-0,0,0.0893369078887907,0-0,0,0.0962961773374451,0-0,0,0.1032554467860989,0-0,0,0.1102147162347523,0-0,0,0.1171739856834058,0-0,0,0.1241332551320587,0-0,0,0.1310925245807109,1,1,4,"blend005,blend00,blend015,blend01"
UEFA Euro,2012,2012-06-24,England,Italy,0,0,0.4014063770613118,0.3028607940116676,0.2957328289270207,0.3317347387839043,0.3272964901944776,0.3409687710211221,0.0696716382771595,home,away,True,1-0,0,0.0031639900991256,1-1,1,0.0550833017337518,1-1,1,0.0548776779543582,1-1,1,0.0546720541749645,1-1,1,0.054466430395571,1-1,1,0.0542608066161774,1-1,1,0.0540551828367841,1-1,1,0.0490005935764458,1-1,1,0.0410320649227824,1-1,1,0.0330635362691194,1-1,1,0.0250950076154573,1-1,1,0.0171264789617949,1-1,1,0.0091579503081333,1-1,1,0.001189421654472,1-0,0,0.0029719396233496,1-0,0,0.0029993995971504,1-0,0,0.0030268595709512,1-0,0,0.0030543195447521,1-0,0,0.003081779518553,1-0,0,0.0031092394923539,1-0,0,0.0031366994661546,1-0,0,0.0031641594399556,1,1,13,"blend005,blend00,blend015,blend01,blend025,blend02,blend035,blend03,blend045,blend04,blend055,blend05,blend06"
UEFA Euro,2012,2012-06-16,Czech Republic,Poland,0,1,0.4607969233130767,0.2838753403971948,0.2553277362897285,0.2888978496236894,0.2877517231514213,0.4233504272244003,0.1718990736891427,home,away,True,2-0,0,0.0008486977033999,1-2,1,0.0113035518420392,1-2,1,0.0110792396557882,1-2,1,0.0108549274695373,1-2,1,0.0106306152832859,1-2,1,0.0104063030970347,1-2,1,0.0101819909107837,1-2,1,0.0099576787245326,1-2,1,0.0097333665382816,1-2,1,0.0095090543520304,2-0,0,0.0006746502912983,2-0,0,0.0006904825083372,2-0,0,0.0007063147253764,2-0,0,0.0007221469424154,2-0,0,0.0007379791594543,2-0,0,0.0007538113764935,2-0,0,0.0007696435935325,2-0,0,0.0007854758105716,2-0,0,0.0008013080276105,2-0,0,0.0008171402446498,2-0,0,0.0008329724616886,2-0,0,0.0008488046787277,1,1,9,"blend005,blend00,blend015,blend01,blend025,blend02,blend035,blend03,blend04"
UEFA Euro,2012,2012-06-13,Netherlands,Germany,1,2,0.4191485385317035,0.273531799921146,0.3073196615471504,0.3233485188277519,0.2955860185553748,0.3810654626173467,0.0958000197041883,home,away,True,2-1,0,0.0153655284573737,1-2,3,0.0285663059599317,1-2,3,0.0282898908392648,1-2,3,0.028013475718598,1-2,3,0.0277370605979312,1-2,3,0.0274606454772643,1-2,3,0.0271842303565974,1-2,3,0.0269078152359306,1-2,3,0.0147005794979823,1-2,3,0.0009529094250151,2-1,0,0.012794760647953,2-1,0,0.0136119372642787,2-1,0,0.0137875640691534,2-1,0,0.0139631908740281,2-1,0,0.014138817678903,2-1,0,0.0143144444837777,2-1,0,0.0144900712886525,2-1,0,0.0146656980935272,2-1,0,0.014841324898402,2-1,0,0.0150169517032767,2-1,0,0.0151925785081515,2-1,0,0.0153682053130261,3,3,9,"blend005,blend00,blend015,blend01,blend025,blend02,blend035,blend03,blend04"
UEFA Euro,2012,2012-06-11,Ukraine,Sweden,2,1,0.246079615087579,0.2844526360132954,0.4694677488991255,0.361815299454607,0.299665821950327,0.3385188785955464,0.1309488703038193,away,home,True,0-2,0,0.0039605267025981,2-1,3,0.0020947803116919,2-1,3,0.0020612769146082,2-1,3,0.0020277735175243,1-1,0,0.0044498062732646,0-2,0,0.0030771431577949,0-2,0,0.0031323856667594,0-2,0,0.003187628175724,0-2,0,0.0032428706846885,0-2,0,0.0032981131936531,0-2,0,0.0033533557026176,0-2,0,0.0034085982115822,0-2,0,0.0034638407205467,0-2,0,0.0035190832295113,0-2,0,0.0035743257384759,0-2,0,0.0036295682474405,0-2,0,0.0036848107564051,0-2,0,0.0037400532653696,0-2,0,0.0037952957743342,0-2,0,0.0038505382832987,0-2,0,0.0039057807922632,0-2,0,0.0039610233012279,3,3,3,"blend005,blend00,blend01"
UEFA Euro,2012,2012-06-08,Russia,Czech Republic,4,1,0.3324242554215693,0.3059817866043805,0.3615939579740502,0.3891499397588498,0.3099345103348663,0.3009155499057932,0.0606784080680117,away,home,True,0-1,0,0.0021105727741875,1-0,1,0.0114091950434751,1-0,1,0.0113260401550301,1-0,1,0.0112428852665852,1-0,1,0.0111597303781401,1-0,1,0.011076575489695,1-0,1,0.01099342060125,1-0,1,0.0109102657128048,1-0,1,0.01082711082436,1-0,1,0.010743955935915,1-0,1,0.0077832312014517,1-0,1,0.003469115965289,1-1,0,0.0008449992708735,1-1,0,0.0051591145070359,1-1,0,0.0094732297431986,1-1,0,0.0137873449793604,1-1,0,0.0181014602155223,1-1,0,0.019284665579428,1-1,0,0.0139358328428291,1-1,0,0.0085870001062304,1-1,0,0.0032381673696321,0-1,0,0.0021106653669662,1,1,11,"blend005,blend00,blend015,blend01,blend025,blend02,blend035,blend03,blend045,blend04,blend05"
UEFA Euro,2016,2016-06-25,Wales,Northern Ireland,1,0,0.3288264093657095,0.3483304377734946,0.3228431528607959,0.4796294274960445,0.328089695815666,0.1922808766878072,0.1508030181305761,draw,home,True,0-0,0,0.0879420152957397,1-0,3,0.1704472186394535,1-0,3,0.1677676546334479,1-0,3,0.1650880906274424,1-0,3,0.162408526621437,1-0,3,0.1597289626154319,1-0,3,0.1570493986094268,1-0,3,0.1454289725581655,1-0,3,0.1287595774142521,1-0,3,0.1120901822703394,1-0,3,0.0954207871264277,1-0,3,0.0787513919825165,1-0,3,0.0620819968386068,1-0,3,0.045412601694697,1-0,3,0.0287432065507886,1-0,3,0.0120738114068807,0-0,0,0.0045955837370261,0-0,0,0.0212649788809324,0-0,0,0.037934374024838,0-0,0,0.0546037691687422,0-0,0,0.0712731643126456,0-0,0,0.087942559456549,3,3,15,"blend005,blend00,blend015,blend01,blend025,blend02,blend035,blend03,blend045,blend04,blend055,blend05,blend065,blend06,blend07"
UEFA Euro,2016,2016-06-25,Switzerland,Poland,1,1,0.3262696326825536,0.2794829308716717,0.3942474364457747,0.3189099194069462,0.341030767469645,0.34005931312292,0.0615478365982176,away,draw,True,1-2,0,0.011061546960487,1-1,3,0.1038667376426041,1-1,3,0.1029294654656914,1-1,3,0.0970668396486571,1-1,3,0.0867140132653391,1-1,3,0.0763611868820213,1-1,3,0.066008360498704,1-1,3,0.0556555341153874,1-1,3,0.0453027077320715,1-1,3,0.0349498813487557,1-1,3,0.0245970549654405,1-1,3,0.0142442285821258,1-1,3,0.0038914021988116,1-2,0,0.006461424184502,1-2,0,0.0105303651167675,1-2,0,0.0106063907910602,1-2,0,0.0106824164653531,1-2,0,0.0107584421396458,1-2,0,0.0108344678139387,1-2,0,0.0109104934882315,1-2,0,0.0109865191625243,1-2,0,0.0110625448368171,3,3,12,"blend005,blend00,blend015,blend01,blend025,blend02,blend035,blend03,blend045,blend04,blend055,blend05"
UEFA Euro,2016,2016-06-21,Ukraine,Poland,0,1,0.40511800913192,0.3030991398873001,0.29178285098078,0.208018993940388,0.3054251635716009,0.486555842488495,0.1970990151917738,home,away,True,1-0,0,0.0327238015278166,0-1,3,0.0692276226715884,0-1,3,0.0678419984548764,0-1,3,0.066456374238164,0-1,3,0.065070750021452,0-1,3,0.0636851258047396,0-1,3,0.0622995015880272,0-1,3,0.0609138773713148,0-1,3,0.0595282531546021,0-1,3,0.0581426289378894,0-1,3,0.0567570047211769,0-1,3,0.0553713805044642,0-1,3,0.0539857562877514,0-1,3,0.0526001320710385,0-1,3,0.0512145078543255,0-1,3,0.0351145437233488,0-1,3,0.0014242312942704,1-0,0,0.0295407301719533,1-0,0,0.0303368030987433,1-0,0,0.0311328760255336,1-0,0,0.0319289489523235,1-0,0,0.0327250218791136,3,3,16,"blend005,blend00,blend015,blend01,blend025,blend02,blend035,blend03,blend045,blend04,blend055,blend05,blend065,blend06,blend075,blend07"
UEFA Euro,2016,2016-06-18,Iceland,Hungary,1,1,0.3424350190025614,0.2693219939370195,0.388242987060419,0.3638047040076275,0.3240814878446967,0.3121138081481706,0.0761291789124958,away,home,True,1-2,0,0.0173776391820905,1-1,3,0.0403346119682815,1-1,3,0.0367289838916454,1-1,3,0.0331233558150096,1-1,3,0.0295177277383738,1-1,3,0.0259120996617376,1-1,3,0.0223064715851003,1-1,3,0.0187008435084643,1-1,3,0.015095215431827,1-1,3,0.0114895873551897,1-1,3,0.0078839592785526,1-1,3,0.0042783312019147,1-1,3,0.0006727031252774,1-2,0,0.0045120495289319,1-2,0,0.0123799282288776,1-2,0,0.0163576264953531,1-2,0,0.0165280258175648,1-2,0,0.0166984251397765,1-2,0,0.0168688244619882,1-2,0,0.0170392237841998,1-2,0,0.0172096231064116,1-2,0,0.0173800224286233,3,3,12,"blend005,blend00,blend015,blend01,blend025,blend02,blend035,blend03,blend045,blend04,blend055,blend05"
UEFA Euro,2021,2021-07-02,Belgium,Italy,1,2,0.3911312585374013,0.297828315119949,0.3110404263426496,0.2871362186311911,0.2993096341966487,0.41355414717267,0.1039950399064651,home,away,True,1-0,0,0.0415768332278432,0-1,1,0.0617117112961285,0-1,1,0.060946842029674,0-1,1,0.06018197276322,0-1,1,0.0594171034967655,0-1,1,0.0586522342303111,0-1,1,0.0578873649638568,0-1,1,0.0571224956974023,0-1,1,0.0563576264309478,0-1,1,0.0555927571644934,0-1,1,0.0548278878980388,0-1,1,0.0540630186315841,0-1,1,0.0426658456799229,0-1,1,0.0248234579520378,0-1,1,0.0069810702241519,1-0,0,0.0108613175037352,1-0,0,0.028703705231623,1-0,0,0.039367258026192,1-0,0,0.0399200048587041,1-0,0,0.0404727516912162,1-0,0,0.0410254985237282,1-0,0,0.0415782453562405,1,1,14,"blend005,blend00,blend015,blend01,blend025,blend02,blend035,blend03,blend045,blend04,blend055,blend05,blend065,blend06"
UEFA Euro,2021,2021-06-15,France,Germany,0,1,0.4092096099180761,0.2672019864100886,0.3235884036718353,0.34452582273137,0.2893049828155118,0.366169194453613,0.0646837871869535,home,away,True,2-1,0,0.0129539209007771,1-2,1,0.0205917771756236,1-2,1,0.0204720491688692,1-2,1,0.0203523211621147,1-2,1,0.0201862948410269,1-2,1,0.0115428360412666,1-2,1,0.002899377241506,2-1,0,0.0057440815582545,2-1,0,0.011624348342177,2-1,0,0.0117267418942261,2-1,0,0.0118291354462751,2-1,0,0.0119315289983241,2-1,0,0.012033922550373,2-1,0,0.0121363161024221,2-1,0,0.0122387096544713,2-1,0,0.0123411032065203,2-1,0,0.0124434967585693,2-1,0,0.0125458903106184,2-1,0,0.0126482838626673,2-1,0,0.0127506774147165,2-1,0,0.0128530709667653,2-1,0,0.0129554645188144,1,1,6,"blend005,blend00,blend015,blend01,blend025,blend02"
